模式,点位编号,点位别名,点位名称,日期,记录编号,同日重复组编号,是否基线点,实际_灰斑病发病株率,实际_灰斑病病情指数,预测_灰斑病发病株率,预测_灰斑病病情指数,实际_灰斑病发病株率风险,预测_灰斑病发病株率风险,实际_灰斑病病情指数风险,预测_灰斑病病情指数风险,实际_综合风险,预测_综合风险,实际_大斑病发病株率,实际_大斑病病情指数,预测_大斑病发病株率,预测_大斑病病情指数,实际_大斑病发病株率风险,预测_大斑病发病株率风险,实际_大斑病病情指数风险,预测_大斑病病情指数风险,实际_白斑病发病株率,实际_白斑病病情指数,预测_白斑病发病株率,预测_白斑病病情指数,实际_白斑病发病株率风险,预测_白斑病发病株率风险,实际_白斑病病情指数风险,预测_白斑病病情指数风险
full_fit,1,S1 周公山镇余家村,周公山镇余家村,2025-05-22,2,1,1,0.0,0.0,0.0,0.0,低风险,低风险,低风险,低风险,低风险,低风险,0.0,0.0,0.0,0.0,低风险,低风险,低风险,低风险,0.0,0.0,0.0,0.0,低风险,低风险,低风险,低风险
full_fit,1,S1 周公山镇余家村,周公山镇余家村,2025-05-29,3,1,0,0.0,0.0,0.01109633594751358,0.012960750609636307,低风险,低风险,低风险,低风险,低风险,低风险,0.0,0.0,0.0005756417522206903,0.0,低风险,低风险,低风险,低风险,0.0,0.0,0.009378899820148945,0.0,低风险,低风险,低风险,低风险
full_fit,1,S1 周公山镇余家村,周公山镇余家村,2025-06-12,4,1,0,0.0,0.0,0.0,0.0,低风险,低风险,低风险,低风险,低风险,低风险,0.0,0.0,0.0005756417522206903,0.0,低风险,低风险,低风险,低风险,0.0,0.0,0.0,0.0,低风险,低风险,低风险,低风险
full_fit,1,S1 周公山镇余家村,周公山镇余家村,2025-06-19,5,1,0,0.0,0.0,0.0,0.0,低风险,低风险,低风险,低风险,低风险,低风险,0.0,0.0,0.0005756417522206903,0.0,低风险,低风险,低风险,低风险,0.0,0.0,0.07098156213760376,0.017404235899448395,低风险,低风险,低风险,低风险
full_fit,1,S1 周公山镇余家村,周公山镇余家村,2025-06-26,6,1,0,0.0,0.0,0.0,0.04625227302312851,低风险,低风险,低风险,低风险,低风险,低风险,0.0,0.0,0.0005756417522206903,0.0,低风险,低风险,低风险,低风险,0.0,0.0,0.0,0.0,低风险,低风险,低风险,低风险
full_fit,1,S1 周公山镇余家村,周公山镇余家村,2025-07-03,7,1,0,0.0,0.0,0.0,0.03573400899767876,低风险,低风险,低风险,低风险,低风险,低风险,0.0,0.0,0.0005756417522206903,0.0,低风险,低风险,低风险,低风险,0.0,0.0,0.011819745413959026,0.0192671287804842,低风险,低风险,低风险,低风险
full_fit,1,S1 周公山镇余家村,周公山镇余家村,2025-07-10,8,1,0,0.0,0.0,0.24214255809783936,0.026234926655888557,低风险,低风险,低风险,低风险,低风险,低风险,0.0,0.0,0.0005756417522206903,0.0,低风险,低风险,低风险,低风险,0.0,0.0,0.0,0.01454720925539732,低风险,低风险,低风险,低风险
full_fit,1,S1 周公山镇余家村,周公山镇余家村,2025-07-17,9,1,0,0.0,0.0,0.08582845330238342,0.06699515879154205,低风险,低风险,低风险,低风险,低风险,低风险,0.0,0.0,0.0005756417522206903,0.012956674210727215,低风险,低风险,低风险,低风险,0.0,0.0,0.0,0.0,低风险,低风险,低风险,低风险
full_fit,2,S2 蒙顶山茶南部加工园,蒙顶山茶南部加工园,2025-05-21,10,1,1,0.0,0.0,0.0,0.0,低风险,低风险,低风险,低风险,低风险,低风险,0.0,0.0,0.0,0.0,低风险,低风险,低风险,低风险,0.0,0.0,0.0,0.0,低风险,低风险,低风险,低风险
full_fit,2,S2 蒙顶山茶南部加工园,蒙顶山茶南部加工园,2025-05-28,11,1,0,0.0,0.0,0.0463876873254776,0.0,低风险,低风险,低风险,低风险,低风险,低风险,0.0,0.0,0.0005756417522206903,0.0,低风险,低风险,低风险,低风险,0.0,0.0,0.0,0.0,低风险,低风险,低风险,低风险
full_fit,2,S2 蒙顶山茶南部加工园,蒙顶山茶南部加工园,2025-06-05,12,1,0,0.0,0.0,0.0,0.0,低风险,低风险,低风险,低风险,低风险,低风险,0.0,0.0,0.0005756417522206903,0.0,低风险,低风险,低风险,低风险,0.0,0.0,0.0891968309879303,0.0,低风险,低风险,低风险,低风险
full_fit,2,S2 蒙顶山茶南部加工园,蒙顶山茶南部加工园,2025-06-11,13,1,0,0.0,0.0,0.03171572461724281,0.0,低风险,低风险,低风险,低风险,低风险,低风险,0.0,0.0,0.0005756417522206903,0.0,低风险,低风险,低风险,低风险,0.0,0.0,0.0,0.0051926979795098305,低风险,低风险,低风险,低风险
full_fit,2,S2 蒙顶山茶南部加工园,蒙顶山茶南部加工园,2025-06-18,14,1,0,0.0,0.0,0.037618353962898254,0.06267622858285904,低风险,低风险,低风险,低风险,低风险,低风险,0.0,0.0,0.0005756417522206903,0.0,低风险,低风险,低风险,低风险,0.0,0.0,2.0033981800079346,0.3069053888320923,低风险,低风险,低风险,低风险
full_fit,2,S2 蒙顶山茶南部加工园,蒙顶山茶南部加工园,2025-06-25,15,1,0,0.0,0.0,0.0,0.0008394941687583923,低风险,低风险,低风险,低风险,低风险,低风险,0.0,0.0,0.0005756417522206903,0.0,低风险,低风险,低风险,低风险,0.0,0.0,0.03957778587937355,0.00840163603425026,低风险,低风险,低风险,低风险
full_fit,2,S2 蒙顶山茶南部加工园,蒙顶山茶南部加工园,2025-07-02,16,1,0,0.0,0.0,0.0,0.02161432057619095,低风险,低风险,低风险,低风险,低风险,低风险,0.0,0.0,0.0005756417522206903,0.0,低风险,低风险,低风险,低风险,0.0,0.0,0.05843457207083702,0.0,低风险,低风险,低风险,低风险
full_fit,2,S2 蒙顶山茶南部加工园,蒙顶山茶南部加工园,2025-07-09,17,1,0,0.0,0.0,0.0,0.0,低风险,低风险,低风险,低风险,低风险,低风险,0.0,0.0,0.0005756417522206903,0.0,低风险,低风险,低风险,低风险,0.0,0.0,0.1701660305261612,0.003808618988841772,低风险,低风险,低风险,低风险
full_fit,2,S2 蒙顶山茶南部加工园,蒙顶山茶南部加工园,2025-07-16,18,1,0,0.0,0.0,0.0,0.0,低风险,低风险,低风险,低风险,低风险,低风险,0.0,0.0,0.0005756417522206903,0.007023232989013195,低风险,低风险,低风险,低风险,0.0,0.0,0.0,0.01109123881906271,低风险,低风险,低风险,低风险
full_fit,3,S3 宝兴县,宝兴-1,2025-08-01,19,1,1,0.0,0.0,0.0,0.0,低风险,低风险,低风险,低风险,低风险,低风险,0.0,0.0,0.0,0.0,低风险,低风险,低风险,低风险,0.0,0.0,0.0,0.0,低风险,低风险,低风险,低风险
full_fit,3,S3 宝兴县,宝兴-2,2025-08-01,29,2,1,0.0,0.0,0.0,0.0,低风险,低风险,低风险,低风险,低风险,低风险,0.0,0.0,0.0,0.0,低风险,低风险,低风险,低风险,0.0,0.0,0.0,0.0,低风险,低风险,低风险,低风险
full_fit,3,S3 宝兴县,宝兴-2,2025-08-01,38,3,1,0.0,0.0,0.0,0.0,低风险,低风险,低风险,低风险,低风险,低风险,0.0,0.0,0.0,0.0,低风险,低风险,低风险,低风险,0.0,0.0,0.0,0.0,低风险,低风险,低风险,低风险
full_fit,3,S3 宝兴县,宝兴-2,2025-08-01,47,4,1,0.0,0.0,0.0,0.0,低风险,低风险,低风险,低风险,低风险,低风险,0.0,0.0,0.0,0.0,低风险,低风险,低风险,低风险,0.0,0.0,0.0,0.0,低风险,低风险,低风险,低风险
full_fit,3,S3 宝兴县,宝兴-1,2025-08-08,20,1,0,0.0,0.0,0.0,0.0,低风险,低风险,低风险,低风险,低风险,低风险,0.0,0.0,0.0005756417522206903,0.0,低风险,低风险,低风险,低风险,0.0,0.0,0.0,0.0017420706572011113,低风险,低风险,低风险,低风险
full_fit,3,S3 宝兴县,宝兴-2,2025-08-08,30,2,0,0.0,0.0,0.0,0.0,低风险,低风险,低风险,低风险,低风险,低风险,0.0,0.0,0.0005756417522206903,0.0,低风险,低风险,低风险,低风险,0.0,0.0,0.0,0.0017420706572011113,低风险,低风险,低风险,低风险
full_fit,3,S3 宝兴县,宝兴-2,2025-08-08,39,3,0,0.0,0.0,0.0,0.0,低风险,低风险,低风险,低风险,低风险,低风险,0.0,0.0,0.0005756417522206903,0.0,低风险,低风险,低风险,低风险,0.0,0.0,0.0,0.0017420706572011113,低风险,低风险,低风险,低风险
full_fit,3,S3 宝兴县,宝兴-2,2025-08-08,48,4,0,0.0,0.0,0.0,0.0,低风险,低风险,低风险,低风险,低风险,低风险,0.0,0.0,0.0005756417522206903,0.0,低风险,低风险,低风险,低风险,0.0,0.0,0.0,0.00251051876693964,低风险,低风险,低风险,低风险
full_fit,3,S3 宝兴县,宝兴-1,2025-08-15,21,1,0,0.0,0.0,0.0,0.0,低风险,低风险,低风险,低风险,低风险,低风险,0.0,0.0,0.0005756417522206903,0.0,低风险,低风险,低风险,低风险,0.0,0.0,0.0,0.0,低风险,低风险,低风险,低风险
full_fit,3,S3 宝兴县,宝兴-2,2025-08-15,31,2,0,0.0,0.0,0.0,0.0,低风险,低风险,低风险,低风险,低风险,低风险,0.0,0.0,0.0005756417522206903,0.0,低风险,低风险,低风险,低风险,0.0,0.0,0.0,0.0,低风险,低风险,低风险,低风险
full_fit,3,S3 宝兴县,宝兴-2,2025-08-15,40,3,0,0.0,0.0,0.0,0.0,低风险,低风险,低风险,低风险,低风险,低风险,0.0,0.0,0.0005756417522206903,0.0,低风险,低风险,低风险,低风险,0.0,0.0,0.0,0.0,低风险,低风险,低风险,低风险
full_fit,3,S3 宝兴县,宝兴-2,2025-08-15,49,4,0,0.0,0.0,0.023297592997550964,0.04521002992987633,低风险,低风险,低风险,低风险,低风险,低风险,0.0,0.0,0.0005756417522206903,0.0,低风险,低风险,低风险,低风险,0.0,0.0,0.0,0.0,低风险,低风险,低风险,低风险
full_fit,3,S3 宝兴县,宝兴-1,2025-08-25,22,1,0,4.0,0.4444444444444444,4.205216884613037,0.4769694209098816,低风险,低风险,低风险,低风险,低风险,低风险,0.0,0.0,0.0005756417522206903,0.0,低风险,低风险,低风险,低风险,0.0,0.0,0.0,0.01753843016922474,低风险,低风险,低风险,低风险
full_fit,3,S3 宝兴县,宝兴-2,2025-08-25,32,2,0,0.0,0.0,4.205216884613037,0.4769694209098816,低风险,低风险,低风险,低风险,低风险,低风险,0.0,0.0,0.0005756417522206903,0.0,低风险,低风险,低风险,低风险,0.0,0.0,0.0,0.01753843016922474,低风险,低风险,低风险,低风险
full_fit,3,S3 宝兴县,宝兴-2,2025-08-25,41,3,0,10.0,1.1111111111111112,4.205216884613037,0.4769694209098816,低风险,低风险,低风险,低风险,低风险,低风险,0.0,0.0,0.0005756417522206903,0.0,低风险,低风险,低风险,低风险,0.0,0.0,0.0,0.01753843016922474,低风险,低风险,低风险,低风险
full_fit,3,S3 宝兴县,宝兴-2,2025-08-25,50,4,0,0.0,0.0,0.20962953567504883,0.12678690254688263,低风险,低风险,低风险,低风险,低风险,低风险,0.0,0.0,0.0005756417522206903,0.0,低风险,低风险,低风险,低风险,0.0,0.0,0.16803628206253052,0.03607207536697388,低风险,低风险,低风险,低风险
full_fit,3,S3 宝兴县,宝兴-1,2025-09-04,23,1,0,24.0,2.8888888888888893,30.512697219848633,3.027073621749878,低风险,中风险,低风险,低风险,低风险,低风险,0.0,0.0,0.0005756417522206903,0.010178460739552975,低风险,低风险,低风险,低风险,1.0,0.1111111111111111,0.551689863204956,0.06262288242578506,低风险,低风险,低风险,低风险
full_fit,3,S3 宝兴县,宝兴-2,2025-09-04,33,2,0,22.5,2.5,21.587284088134766,2.7162134647369385,低风险,低风险,低风险,低风险,低风险,低风险,0.0,0.0,0.0005756417522206903,0.010178460739552975,低风险,低风险,低风险,低风险,0.0,0.0,0.551689863204956,0.06262288242578506,低风险,低风险,低风险,低风险
full_fit,3,S3 宝兴县,宝兴-2,2025-09-04,42,3,0,50.0,5.555555555555555,42.40445327758789,5.305684566497803,中风险,中风险,低风险,低风险,低风险,低风险,0.0,0.0,0.0005756417522206903,0.010178460739552975,低风险,低风险,低风险,低风险,0.0,0.0,0.551689863204956,0.06262288242578506,低风险,低风险,低风险,低风险
full_fit,3,S3 宝兴县,宝兴-2,2025-09-04,51,4,0,70.0,7.777777777777778,57.418846130371094,7.703335762023926,中风险,中风险,低风险,低风险,高风险,高风险,0.0,0.0,0.0005756417522206903,0.009896860457956791,低风险,低风险,低风险,低风险,95.0,10.555555555555555,94.33829498291016,10.453351974487305,高风险,高风险,低风险,低风险
full_fit,3,S3 宝兴县,宝兴-1,2025-09-11,24,1,0,31.0,3.888888888888889,34.09032440185547,5.915159225463867,中风险,中风险,低风险,低风险,低风险,低风险,0.0,0.0,0.0005756417522206903,0.010795083828270435,低风险,低风险,低风险,低风险,2.0,0.6666666666666666,5.880323886871338,1.236716866493225,低风险,低风险,低风险,低风险
full_fit,3,S3 宝兴县,宝兴-2,2025-09-11,34,2,0,42.5,6.944444444444445,40.06275177001953,7.6149725914001465,中风险,中风险,低风险,低风险,低风险,低风险,0.0,0.0,0.0005756417522206903,0.010795083828270435,低风险,低风险,低风险,低风险,0.0,0.0,12.678512573242188,1.94720458984375,低风险,低风险,低风险,低风险
full_fit,3,S3 宝兴县,宝兴-2,2025-09-11,43,3,0,70.0,18.88888888888889,70.02409362792969,18.775405883789062,中风险,高风险,低风险,低风险,低风险,低风险,0.0,0.0,0.0005756417522206903,0.010795083828270435,低风险,低风险,低风险,低风险,30.0,3.3333333333333335,12.678512573242188,1.94720458984375,低风险,低风险,低风险,低风险
full_fit,3,S3 宝兴县,宝兴-2,2025-09-11,52,4,0,75.0,13.88888888888889,75.0086898803711,13.932782173156738,高风险,高风险,低风险,低风险,高风险,高风险,0.0,0.0,0.0005756417522206903,0.010731448419392109,低风险,低风险,低风险,低风险,100.0,33.33333333333333,99.95333862304688,33.42207717895508,高风险,高风险,中风险,中风险
full_fit,3,S3 宝兴县,宝兴-1,2025-09-18,25,1,0,42.0,8.0,45.4164924621582,8.264822959899902,中风险,中风险,低风险,低风险,低风险,低风险,0.0,0.0,0.0005756417522206903,0.0017424768302589655,低风险,低风险,低风险,低风险,23.0,3.2222222222222223,23.821876525878906,3.611018419265747,低风险,低风险,低风险,低风险
full_fit,3,S3 宝兴县,宝兴-2,2025-09-18,35,2,0,55.0,12.777777777777777,54.87729263305664,13.884015083312988,中风险,中风险,低风险,低风险,中风险,中风险,0.0,0.0,0.0005756417522206903,0.0017424768302589655,低风险,低风险,低风险,低风险,57.5,8.61111111111111,36.64273452758789,6.064712047576904,中风险,中风险,低风险,低风险
full_fit,3,S3 宝兴县,宝兴-2,2025-09-18,44,3,0,90.0,36.666666666666664,90.2391586303711,36.22296142578125,高风险,高风险,中风险,中风险,中风险,中风险,0.0,0.0,0.0005756417522206903,0.0017424768302589655,低风险,低风险,低风险,低风险,70.0,18.88888888888889,69.84622192382812,18.87451934814453,中风险,中风险,低风险,低风险
full_fit,3,S3 宝兴县,宝兴-2,2025-09-18,53,4,0,97.5,23.61111111111111,97.2403793334961,24.010568618774414,高风险,高风险,低风险,低风险,高风险,高风险,0.0,0.0,0.0005756417522206903,0.0009509516530670226,低风险,低风险,低风险,低风险,100.0,55.55555555555556,100.0,55.5223388671875,高风险,高风险,中风险,中风险
full_fit,3,S3 宝兴县,宝兴-1,2025-09-29,26,1,0,60.0,15.777777777777777,59.73170852661133,15.493925094604492,中风险,中风险,低风险,低风险,高风险,高风险,0.0,0.0,0.0005756417522206903,0.00526629900559783,低风险,低风险,低风险,低风险,100.0,28.888888888888893,92.64285278320312,28.877662658691406,高风险,高风险,低风险,低风险
full_fit,3,S3 宝兴县,宝兴-2,2025-09-29,36,2,0,80.0,28.888888888888893,79.24732971191406,27.982934951782227,高风险,高风险,低风险,低风险,高风险,高风险,0.0,0.0,0.0005756417522206903,0.00526629900559783,低风险,低风险,低风险,低风险,100.0,37.22222222222222,100.0,35.39580154418945,高风险,高风险,中风险,中风险
full_fit,3,S3 宝兴县,宝兴-2,2025-09-29,45,3,0,90.0,50.0,95.24706268310547,50.19718933105469,高风险,高风险,中风险,中风险,高风险,高风险,0.0,0.0,0.0005756417522206903,0.00526629900559783,低风险,低风险,低风险,低风险,100.0,42.22222222222222,89.09379577636719,43.700050354003906,高风险,高风险,中风险,中风险
full_fit,3,S3 宝兴县,宝兴-2,2025-09-29,54,4,0,100.0,41.111111111111114,100.0,41.07146453857422,高风险,高风险,中风险,中风险,高风险,高风险,0.0,0.0,0.0005756417522206903,0.004529739264398813,低风险,低风险,低风险,低风险,100.0,80.0,100.0,79.97722625732422,高风险,高风险,高风险,高风险
full_fit,3,S3 宝兴县,宝兴-1,2025-10-09,27,1,0,73.0,25.0,72.93315887451172,25.339893341064453,高风险,高风险,低风险,低风险,高风险,高风险,0.0,0.0,0.0005756417522206903,0.004711661487817764,低风险,低风险,低风险,低风险,100.0,47.55555555555556,100.0,47.873748779296875,高风险,高风险,中风险,中风险
full_fit,3,S3 宝兴县,宝兴-2,2025-10-09,37,2,0,90.0,43.888888888888886,90.11424255371094,42.19618606567383,高风险,高风险,中风险,中风险,高风险,高风险,0.0,0.0,0.0005756417522206903,0.004711661487817764,低风险,低风险,低风险,低风险,100.0,57.777777777777786,100.0,57.971309661865234,高风险,高风险,中风险,中风险
full_fit,3,S3 宝兴县,宝兴-2,2025-10-09,46,3,0,100.0,64.44444444444444,100.0,64.48497009277344,高风险,高风险,中风险,中风险,高风险,高风险,0.0,0.0,0.0005756417522206903,0.004711661487817764,低风险,低风险,低风险,低风险,100.0,100.0,100.0,71.91332244873047,高风险,高风险,高风险,高风险
full_fit,3,S3 宝兴县,宝兴-2,2025-10-09,55,4,0,100.0,,100.0,55.64126205444336,高风险,高风险,,中风险,高风险,高风险,0.0,0.0,0.0005756417522206903,0.003984958864748478,低风险,低风险,低风险,低风险,100.0,100.0,100.0,100.0,高风险,高风险,高风险,高风险
full_fit,3,S3 宝兴县,宝兴-1,2025-10-20,28,1,0,,,86.43415832519531,40.569786071777344,,高风险,,中风险,高风险,高风险,0.0,0.0,0.0005756417522206903,0.007608496583998203,低风险,低风险,低风险,低风险,100.0,58.22222222222222,100.0,58.53178405761719,高风险,高风险,中风险,中风险
full_fit,4,S4 新都-长龙,成都市新都区长龙路,2025-06-22,56,1,1,0.0,0.0,0.0,0.0,低风险,低风险,低风险,低风险,低风险,低风险,0.0,0.0,0.0,0.0,低风险,低风险,低风险,低风险,0.0,0.0,0.0,0.0,低风险,低风险,低风险,低风险
full_fit,4,S4 新都-长龙,成都市新都区长龙路,2025-06-30,57,1,0,0.0,0.0,0.024168286472558975,0.052347034215927124,低风险,低风险,低风险,低风险,低风险,低风险,0.0,0.0,0.0005756417522206903,0.0,低风险,低风险,低风险,低风险,0.0,0.0,0.0,0.027840841561555862,低风险,低风险,低风险,低风险
full_fit,4,S4 新都-长龙,成都市新都区长龙路,2025-07-07,58,1,0,0.0,0.0,0.023236311972141266,0.0,低风险,低风险,低风险,低风险,低风险,低风险,0.0,0.0,0.0005756417522206903,0.001986934570595622,低风险,低风险,低风险,低风险,0.0,0.0,0.0,0.0,低风险,低风险,低风险,低风险
full_fit,4,S4 新都-长龙,成都市新都区长龙路,2025-07-14,59,1,0,0.0,0.0,0.0072605907917022705,0.019348785281181335,低风险,低风险,低风险,低风险,低风险,低风险,0.0,0.0,0.0005756417522206903,0.0,低风险,低风险,低风险,低风险,0.0,0.0,0.0,0.014754689298570156,低风险,低风险,低风险,低风险
full_fit,4,S4 新都-长龙,成都市新都区长龙路,2025-07-21,60,1,0,0.0,0.0,0.0585489422082901,0.06602340936660767,低风险,低风险,低风险,低风险,低风险,低风险,0.0,0.0,0.0005756417522206903,0.0,低风险,低风险,低风险,低风险,0.0,0.0,0.0,0.021520154550671577,低风险,低风险,低风险,低风险
full_fit,4,S4 新都-长龙,成都市新都区长龙路,2025-07-28,61,1,0,0.0,0.0,0.006777839735150337,0.020475871860980988,低风险,低风险,低风险,低风险,低风险,低风险,0.0,0.0,0.0005756417522206903,0.0,低风险,低风险,低风险,低风险,0.0,0.0,0.0,0.02790604718029499,低风险,低风险,低风险,低风险
full_fit,4,S4 新都-长龙,成都市新都区长龙路,2025-08-04,62,1,0,0.0,0.0,0.040300097316503525,0.018097274005413055,低风险,低风险,低风险,低风险,低风险,低风险,0.0,0.0,0.0005756417522206903,0.0,低风险,低风险,低风险,低风险,0.0,0.0,0.039010848850011826,0.029563341289758682,低风险,低风险,低风险,低风险
full_fit,4,S4 新都-长龙,成都市新都区长龙路,2025-08-11,63,1,0,0.0,0.0,0.0,0.017559155821800232,低风险,低风险,低风险,低风险,低风险,低风险,0.0,0.0,0.0005756417522206903,0.0,低风险,低风险,低风险,低风险,0.0,0.0,0.0,0.07943013310432434,低风险,低风险,低风险,低风险
full_fit,4,S4 新都-长龙,成都市新都区长龙路,2025-08-18,64,1,0,0.0,0.0,0.018282048404216766,0.046989135444164276,低风险,低风险,低风险,低风险,低风险,低风险,0.0,0.0,0.0005756417522206903,0.0,低风险,低风险,低风险,低风险,0.0,0.0,0.0,0.13633188605308533,低风险,低风险,低风险,低风险
full_fit,4,S4 新都-长龙,成都市新都区长龙路,2025-08-25,65,1,0,0.0,0.0,0.0,0.0005560461431741714,低风险,低风险,低风险,低风险,低风险,低风险,0.0,0.0,0.0005756417522206903,0.0,低风险,低风险,低风险,低风险,0.0,0.0,0.0,0.14034432172775269,低风险,低风险,低风险,低风险
full_fit,5,S5 新都-红花堰,成都市新都区红花堰,2025-06-22,66,1,1,0.0,0.0,0.0,0.0,低风险,低风险,低风险,低风险,低风险,低风险,0.0,0.0,0.0,0.0,低风险,低风险,低风险,低风险,0.0,0.0,0.0,0.0,低风险,低风险,低风险,低风险
full_fit,5,S5 新都-红花堰,成都市新都区红花堰,2025-06-30,67,1,0,0.0,0.0,0.0,0.0,低风险,低风险,低风险,低风险,低风险,低风险,0.0,0.0,0.0005756417522206903,0.0,低风险,低风险,低风险,低风险,0.0,0.0,0.17859357595443726,0.0271309744566679,低风险,低风险,低风险,低风险
full_fit,5,S5 新都-红花堰,成都市新都区红花堰,2025-07-07,68,1,0,0.0,0.0,0.0,0.0,低风险,低风险,低风险,低风险,低风险,低风险,0.0,0.0,0.0005756417522206903,0.008334710262715816,低风险,低风险,低风险,低风险,0.0,0.0,0.04022514447569847,0.3028346300125122,低风险,低风险,低风险,低风险
full_fit,5,S5 新都-红花堰,成都市新都区红花堰,2025-07-14,69,1,0,0.0,0.0,0.0,0.0,低风险,低风险,低风险,低风险,低风险,低风险,0.0,0.0,0.0005756417522206903,0.015101305209100246,低风险,低风险,低风险,低风险,0.0,0.0,0.0,0.0,低风险,低风险,低风险,低风险
full_fit,5,S5 新都-红花堰,成都市新都区红花堰,2025-07-21,70,1,0,0.0,0.0,0.0,0.0,低风险,低风险,低风险,低风险,低风险,低风险,0.0,0.0,0.0005756417522206903,0.005515264812856913,低风险,低风险,低风险,低风险,0.0,0.0,0.0,0.3355908989906311,低风险,低风险,低风险,低风险
full_fit,5,S5 新都-红花堰,成都市新都区红花堰,2025-07-28,71,1,0,0.0,0.0,0.0,0.00310409814119339,低风险,低风险,低风险,低风险,低风险,低风险,0.0,0.0,0.0005756417522206903,0.0,低风险,低风险,低风险,低风险,0.0,0.0,0.0,0.005139287561178207,低风险,低风险,低风险,低风险
full_fit,5,S5 新都-红花堰,成都市新都区红花堰,2025-08-04,72,1,0,0.0,0.0,0.0,0.0,低风险,低风险,低风险,低风险,低风险,低风险,3.0,0.33333,0.5477514863014221,0.29958078265190125,低风险,低风险,低风险,低风险,0.0,0.0,0.0,0.022225506603717804,低风险,低风险,低风险,低风险
full_fit,5,S5 新都-红花堰,成都市新都区红花堰,2025-08-11,73,1,0,0.0,0.0,0.0,0.0,低风险,低风险,低风险,低风险,低风险,低风险,3.0,0.33333,3.000575542449951,0.3370617628097534,低风险,低风险,低风险,低风险,0.0,0.0,0.0,0.11093692481517792,低风险,低风险,低风险,低风险
full_fit,5,S5 新都-红花堰,成都市新都区红花堰,2025-08-18,74,1,0,0.0,0.0,0.0,0.0,低风险,低风险,低风险,低风险,低风险,低风险,3.0,0.33333,3.000575542449951,0.3533838093280792,低风险,低风险,低风险,低风险,0.0,0.0,0.0,0.13675658404827118,低风险,低风险,低风险,低风险
full_fit,5,S5 新都-红花堰,成都市新都区红花堰,2025-08-25,75,1,0,0.0,0.0,0.0,0.0,低风险,低风险,低风险,低风险,低风险,低风险,3.0,0.33333,3.000575542449951,0.3421351909637451,低风险,低风险,低风险,低风险,0.0,0.0,0.0,2.0223946571350098,低风险,低风险,低风险,低风险
full_fit,5,S5 新都-红花堰,成都市新都区红花堰,2025-09-01,76,1,0,0.0,0.0,0.03193411976099014,0.0,低风险,低风险,低风险,低风险,低风险,低风险,3.0,0.33333,3.0,0.3411133885383606,低风险,低风险,低风险,低风险,0.0,0.0,0.08306858688592911,0.2916063368320465,低风险,低风险,低风险,低风险
full_fit,6,S6 泸定-燕子沟,泸定县燕子沟麻柳林村,2025-07-30,77,1,1,85.0,13.222222222222221,85.0,13.222222222222221,高风险,高风险,低风险,低风险,低风险,低风险,0.0,0.0,0.0,0.0,低风险,低风险,低风险,低风险,0.0,0.0,0.0,0.0,低风险,低风险,低风险,低风险
full_fit,6,S6 泸定-燕子沟,泸定县燕子沟麻柳林村,2025-08-07,78,1,0,100.0,16.444444444444446,99.70033264160156,16.82952880859375,高风险,高风险,低风险,低风险,低风险,低风险,0.0,0.0,0.0005756417522206903,0.0,低风险,低风险,低风险,低风险,0.0,0.0,0.001597181661054492,0.0,低风险,低风险,低风险,低风险
full_fit,6,S6 泸定-燕子沟,泸定县燕子沟麻柳林村,2025-08-14,79,1,0,100.0,33.33333333333333,100.0,33.280128479003906,高风险,高风险,中风险,中风险,低风险,低风险,0.0,0.0,0.0005756417522206903,0.010706488974392414,低风险,低风险,低风险,低风险,0.0,0.0,0.0,0.014048698358237743,低风险,低风险,低风险,低风险
full_fit,6,S6 泸定-燕子沟,泸定县燕子沟麻柳林村,2025-08-21,80,1,0,100.0,44.0,100.0,43.97372817993164,高风险,高风险,中风险,中风险,低风险,低风险,0.0,0.0,0.0005756417522206903,0.0,低风险,低风险,低风险,低风险,0.0,0.0,0.0,0.0,低风险,低风险,低风险,低风险
full_fit,6,S6 泸定-燕子沟,泸定县燕子沟麻柳林村,2025-08-29,81,1,0,100.0,57.55555555555555,100.0,57.67134475708008,高风险,高风险,中风险,中风险,低风险,低风险,0.0,0.0,0.0005756417522206903,0.005850974470376968,低风险,低风险,低风险,低风险,0.0,0.0,0.0,0.06516343355178833,低风险,低风险,低风险,低风险
full_fit,6,S6 泸定-燕子沟,泸定县燕子沟麻柳林村,2025-09-05,82,1,0,100.0,70.33333333333334,100.0,70.34402465820312,高风险,高风险,高风险,高风险,低风险,低风险,0.0,0.0,0.0005756417522206903,0.01065648254007101,低风险,低风险,低风险,低风险,0.0,0.0,0.07841987162828445,0.0,低风险,低风险,低风险,低风险
full_fit,6,S6 泸定-燕子沟,泸定县燕子沟麻柳林村,2025-09-12,83,1,0,100.0,78.11111111111111,100.0,78.28423309326172,高风险,高风险,高风险,高风险,低风险,低风险,0.0,0.0,0.0005756417522206903,0.012212766334414482,低风险,低风险,低风险,低风险,0.0,0.0,0.0,0.0,低风险,低风险,低风险,低风险
full_fit,6,S6 泸定-燕子沟,泸定县燕子沟麻柳林村,2025-09-17,84,1,0,100.0,90.22222222222221,100.0,90.20490264892578,高风险,高风险,高风险,高风险,低风险,低风险,0.0,0.0,0.0012576138833537698,0.006933797150850296,低风险,低风险,低风险,低风险,0.0,0.0,0.0,0.0,低风险,低风险,低风险,低风险
full_fit,7,S7 泸定-蔡阳坪,泸定磨西镇蔡阳坪3,2025-07-30,85,1,1,80.0,9.777777777777779,80.0,9.777777777777779,高风险,高风险,低风险,低风险,低风险,低风险,0.0,0.0,0.0,0.0,低风险,低风险,低风险,低风险,0.0,0.0,0.0,0.0,低风险,低风险,低风险,低风险
full_fit,7,S7 泸定-蔡阳坪,泸定磨西镇蔡阳坪3,2025-08-08,86,1,0,97.0,17.88888888888889,80.0,12.01661205291748,高风险,高风险,低风险,低风险,低风险,低风险,0.0,0.0,0.008551646955311298,0.0,低风险,低风险,低风险,低风险,0.0,0.0,0.0,0.0,低风险,低风险,低风险,低风险
full_fit,7,S7 泸定-蔡阳坪,泸定磨西镇蔡阳坪3,2025-08-15,87,1,0,97.0,24.333333333333332,99.85147857666016,23.775592803955078,高风险,高风险,低风险,低风险,低风险,低风险,0.0,0.0,0.0005756417522206903,0.0,低风险,低风险,低风险,低风险,0.0,0.0,0.055392786860466,0.01913553848862648,低风险,低风险,低风险,低风险
full_fit,7,S7 泸定-蔡阳坪,泸定磨西镇蔡阳坪3,2025-08-21,88,1,0,98.0,37.55555555555555,100.0,34.88773727416992,高风险,高风险,中风险,中风险,低风险,低风险,0.0,0.0,0.0005756417522206903,0.0,低风险,低风险,低风险,低风险,0.0,0.0,0.0009210561984218657,0.0,低风险,低风险,低风险,低风险
full_fit,7,S7 泸定-蔡阳坪,泸定磨西镇蔡阳坪3,2025-08-29,89,1,0,99.0,47.111111111111114,100.0,49.5338020324707,高风险,高风险,中风险,中风险,低风险,低风险,0.0,0.0,0.0005756417522206903,0.0,低风险,低风险,低风险,低风险,0.0,0.0,0.0,0.05760389566421509,低风险,低风险,低风险,低风险
full_fit,7,S7 泸定-蔡阳坪,泸定磨西镇蔡阳坪3,2025-09-05,90,1,0,100.0,77.0,100.0,56.51093292236328,高风险,高风险,高风险,中风险,低风险,低风险,0.0,0.0,0.0005756417522206903,0.0,低风险,低风险,低风险,低风险,0.0,0.0,0.0,0.0,低风险,低风险,低风险,低风险
full_fit,8,S8 泸定-海子坪,泸定泸桥镇海子坪村1,2025-07-31,91,1,1,100.0,25.111111111111107,100.0,25.111111111111107,高风险,高风险,低风险,低风险,低风险,低风险,0.0,0.0,0.0,0.0,低风险,低风险,低风险,低风险,0.0,0.0,0.0,0.0,低风险,低风险,低风险,低风险
full_fit,8,S8 泸定-海子坪,泸定泸桥镇海子坪村1,2025-08-07,92,1,0,100.0,28.666666666666668,100.0,28.640769958496094,高风险,高风险,低风险,低风险,低风险,低风险,0.0,0.0,0.0005756417522206903,0.0,低风险,低风险,低风险,低风险,0.0,0.0,0.03060697391629219,0.0,低风险,低风险,低风险,低风险
full_fit,8,S8 泸定-海子坪,泸定泸桥镇海子坪村1,2025-08-14,93,1,0,100.0,32.0,100.0,32.028167724609375,高风险,高风险,中风险,中风险,低风险,低风险,0.0,0.0,0.0005756417522206903,0.0,低风险,低风险,低风险,低风险,0.0,0.0,0.0,0.021727705374360085,低风险,低风险,低风险,低风险
full_fit,8,S8 泸定-海子坪,泸定泸桥镇海子坪村1,2025-08-21,94,1,0,100.0,43.111111111111114,100.0,42.56523513793945,高风险,高风险,中风险,中风险,低风险,低风险,0.0,0.0,0.0005756417522206903,0.007204936817288399,低风险,低风险,低风险,低风险,0.0,0.0,0.0046088662929832935,0.0,低风险,低风险,低风险,低风险
full_fit,8,S8 泸定-海子坪,泸定泸桥镇海子坪村1,2025-08-28,95,1,0,100.0,47.444444444444436,100.0,47.498573303222656,高风险,高风险,中风险,中风险,低风险,低风险,0.0,0.0,0.0005756417522206903,0.004381993319839239,低风险,低风险,低风险,低风险,0.0,0.0,0.0,0.0,低风险,低风险,低风险,低风险
full_fit,8,S8 泸定-海子坪,泸定泸桥镇海子坪村1,2025-09-05,96,1,0,100.0,47.888888888888886,100.0,47.915470123291016,高风险,高风险,中风险,中风险,低风险,低风险,0.0,0.0,0.0005756417522206903,0.0,低风险,低风险,低风险,低风险,0.0,0.0,0.010341851972043514,0.0,低风险,低风险,低风险,低风险
full_fit,8,S8 泸定-海子坪,泸定泸桥镇海子坪村1,2025-09-12,97,1,0,100.0,51.66666666666667,100.0,52.159278869628906,高风险,高风险,中风险,中风险,低风险,低风险,0.0,0.0,0.0005756417522206903,0.003676505060866475,低风险,低风险,低风险,低风险,0.0,0.0,0.0,0.0,低风险,低风险,低风险,低风险
full_fit,8,S8 泸定-海子坪,泸定泸桥镇海子坪村1,2025-09-18,98,1,0,100.0,60.00000000000001,100.0,59.76435089111328,高风险,高风险,中风险,中风险,低风险,低风险,0.0,0.0,0.0005756417522206903,0.001320014474913478,低风险,低风险,低风险,低风险,0.0,0.0,0.38706153631210327,0.12228091806173325,低风险,低风险,低风险,低风险
full_fit,8,S8 泸定-海子坪,泸定泸桥镇海子坪村1,2025-09-25,99,1,0,100.0,62.0,100.0,62.358909606933594,高风险,高风险,中风险,中风险,低风险,低风险,0.0,0.0,0.0005756417522206903,0.0,低风险,低风险,低风险,低风险,0.0,0.0,0.03431360796093941,0.0,低风险,低风险,低风险,低风险
full_fit,9,S9 德宏-农科所,德宏农科所定点监测1,2025-07-31,100,1,1,0.0,0.0,0.0,0.0,低风险,低风险,低风险,低风险,高风险,高风险,7.0,0.7777777777777778,7.0,0.7777777777777778,低风险,低风险,低风险,低风险,99.0,19.444444444444446,99.0,19.444444444444446,高风险,高风险,低风险,低风险
full_fit,9,S9 德宏-农科所,德宏农科所定点监测1,2025-08-06,101,1,0,0.0,0.0,0.0,0.0,低风险,低风险,低风险,低风险,高风险,高风险,13.0,1.4444444444444446,10.891074180603027,1.6287684440612793,低风险,低风险,低风险,低风险,99.0,28.999999999999996,99.0,28.805816650390625,高风险,高风险,低风险,低风险
full_fit,9,S9 德宏-农科所,德宏农科所定点监测1,2025-08-14,102,1,0,0.0,0.0,0.0,0.0,低风险,低风险,低风险,低风险,高风险,高风险,13.0,2.555555555555556,13.0,2.3531908988952637,低风险,低风险,低风险,低风险,100.0,48.77777777777778,99.97974395751953,48.744903564453125,高风险,高风险,中风险,中风险
full_fit,9,S9 德宏-农科所,德宏农科所定点监测1,2025-08-20,103,1,0,0.0,0.0,0.0009722774848341942,0.0,低风险,低风险,低风险,低风险,高风险,高风险,22.0,4.222222222222222,21.425872802734375,4.21286153793335,低风险,低风险,低风险,低风险,100.0,54.333333333333336,100.0,54.265201568603516,高风险,高风险,中风险,中风险
full_fit,9,S9 德宏-农科所,德宏农科所定点监测1,2025-08-26,104,1,0,0.0,0.0,2.616427183151245,0.018633902072906494,低风险,低风险,低风险,低风险,高风险,高风险,22.0,4.666666666666666,22.0,4.7273125648498535,低风险,低风险,低风险,低风险,100.0,56.99999999999999,100.0,57.01480484008789,高风险,高风险,中风险,中风险
full_fit,10,S10 德宏-江东,江东-1,2025-08-18,105,1,1,100.0,30.88888888888889,100.0,30.88888888888889,高风险,高风险,中风险,中风险,低风险,低风险,0.0,0.0,0.0,0.0,低风险,低风险,低风险,低风险,0.0,0.0,0.0,0.0,低风险,低风险,低风险,低风险
full_fit,10,S10 德宏-江东,江东-3,2025-08-18,108,2,1,100.0,31.11111111111111,100.0,31.11111111111111,高风险,高风险,中风险,中风险,低风险,低风险,0.0,0.0,0.0,0.0,低风险,低风险,低风险,低风险,0.0,0.0,0.0,0.0,低风险,低风险,低风险,低风险
full_fit,10,S10 德宏-江东,江东-1,2025-08-25,106,1,0,100.0,52.66666666666667,100.0,38.65437316894531,高风险,高风险,中风险,中风险,低风险,低风险,0.0,0.0,0.0,0.017460685223340988,低风险,低风险,低风险,低风险,0.0,0.0,0.10745436698198318,0.015290285460650921,低风险,低风险,低风险,低风险
full_fit,10,S10 德宏-江东,江东-3,2025-08-25,109,2,0,100.0,50.11111111111111,100.0,38.61369705200195,高风险,高风险,中风险,中风险,低风险,低风险,0.0,0.0,0.09502477198839188,0.016925016418099403,低风险,低风险,低风险,低风险,0.0,0.0,0.0,0.025579767301678658,低风险,低风险,低风险,低风险
full_fit,10,S10 德宏-江东,江东-1,2025-09-16,107,1,0,100.0,57.99999999999999,100.0,81.63187408447266,高风险,高风险,中风险,高风险,低风险,低风险,0.0,0.0,0.0,0.0,低风险,低风险,低风险,低风险,0.0,0.0,0.026707235723733902,0.023110102862119675,低风险,低风险,低风险,低风险
full_fit,10,S10 德宏-江东,江东-3,2025-09-16,110,2,0,100.0,59.0,100.0,79.23739624023438,高风险,高风险,中风险,高风险,低风险,低风险,0.0,0.0,0.0,0.0,低风险,低风险,低风险,低风险,0.0,0.0,0.0,0.0,低风险,低风险,低风险,低风险
full_fit,11,S11 德宏-勐嘎,德宏勐嘎-3,2025-08-05,111,1,1,0.0,0.0,0.0,0.0,低风险,低风险,低风险,低风险,低风险,低风险,100.0,38.111111111111114,100.0,38.111111111111114,高风险,高风险,中风险,中风险,0.0,0.0,0.0,0.0,低风险,低风险,低风险,低风险
full_fit,11,S11 德宏-勐嘎,德宏勐嘎-2,2025-08-05,117,2,1,0.0,0.0,0.0,0.0,低风险,低风险,低风险,低风险,低风险,低风险,100.0,11.333333333333334,100.0,11.333333333333334,高风险,高风险,低风险,低风险,0.0,0.0,0.0,0.0,低风险,低风险,低风险,低风险
full_fit,11,S11 德宏-勐嘎,德宏勐嘎-3,2025-08-13,112,1,0,0.0,0.0,0.0,0.0,低风险,低风险,低风险,低风险,低风险,低风险,100.0,52.33333333333333,100.0,41.94569778442383,高风险,高风险,中风险,中风险,0.0,0.0,0.0,0.0,低风险,低风险,低风险,低风险
full_fit,11,S11 德宏-勐嘎,德宏勐嘎-2,2025-08-13,118,2,0,0.0,0.0,0.0,0.0,低风险,低风险,低风险,低风险,低风险,低风险,100.0,11.444444444444445,100.0,13.217594146728516,高风险,高风险,低风险,低风险,0.0,0.0,0.0,0.0,低风险,低风险,低风险,低风险
full_fit,11,S11 德宏-勐嘎,德宏勐嘎-3,2025-08-19,113,1,0,1.0,0.1111111111111111,4.1731367111206055,0.26294365525245667,低风险,低风险,低风险,低风险,低风险,低风险,100.0,60.88888888888889,100.0,56.97410583496094,高风险,高风险,中风险,中风险,0.0,0.0,0.0,0.0,低风险,低风险,低风险,低风险
full_fit,11,S11 德宏-勐嘎,德宏勐嘎-2,2025-08-19,119,2,0,35.0,4.111111111111112,34.10164260864258,4.0419535636901855,中风险,中风险,低风险,低风险,低风险,低风险,100.0,12.333333333333336,100.0,13.192854881286621,高风险,高风险,低风险,低风险,28.0,3.111111111111111,20.312362670898438,2.319248676300049,低风险,低风险,低风险,低风险
full_fit,11,S11 德宏-勐嘎,德宏勐嘎-3,2025-08-26,114,1,0,20.0,4.444444444444445,23.042510986328125,4.625925540924072,低风险,低风险,低风险,低风险,低风险,低风险,100.0,69.44444444444444,100.0,65.92803955078125,高风险,高风险,中风险,中风险,0.0,0.0,3.9469664096832275,0.6442276835441589,低风险,低风险,低风险,低风险
full_fit,11,S11 德宏-勐嘎,德宏勐嘎-2,2025-08-26,120,2,0,100.0,13.444444444444445,92.68995666503906,13.306159019470215,高风险,高风险,低风险,低风险,高风险,高风险,100.0,12.000000000000002,100.0,13.947999954223633,高风险,高风险,低风险,低风险,100.0,15.555555555555555,98.18780517578125,14.83741569519043,高风险,高风险,低风险,低风险
full_fit,11,S11 德宏-勐嘎,德宏勐嘎-3,2025-09-01,115,1,0,100.0,14.777777777777779,81.95436096191406,14.734379768371582,高风险,高风险,低风险,低风险,高风险,中风险,100.0,77.33333333333333,100.0,75.25785827636719,高风险,高风险,高风险,高风险,100.0,22.22222222222222,58.010841369628906,18.4168643951416,高风险,中风险,低风险,低风险
full_fit,11,S11 德宏-勐嘎,德宏勐嘎-2,2025-09-01,121,2,0,100.0,22.22222222222222,100.0,22.246458053588867,高风险,高风险,低风险,低风险,高风险,高风险,100.0,28.888888888888893,100.0,13.703483581542969,高风险,高风险,低风险,低风险,100.0,22.22222222222222,100.0,22.305313110351562,高风险,高风险,低风险,低风险
full_fit,11,S11 德宏-勐嘎,德宏勐嘎-3,2025-09-17,116,1,0,,,100.0,49.05503845214844,,高风险,,中风险,,高风险,100.0,100.0,100.0,83.53469848632812,高风险,高风险,高风险,高风险,,,100.0,46.86662673950195,,高风险,,中风险
full_fit,11,S11 德宏-勐嘎,德宏勐嘎-2,2025-09-17,122,2,0,100.0,57.777777777777786,100.0,57.5935173034668,高风险,高风险,中风险,中风险,高风险,高风险,100.0,55.55555555555556,100.0,31.657155990600586,高风险,高风险,中风险,中风险,100.0,57.777777777777786,100.0,57.765052795410156,高风险,高风险,中风险,中风险
