特征变量,特征变量中文,目标变量,目标变量中文,配对样本数,Spearman系数,Spearman显著性p值,Pearson系数,Pearson显著性p值,排名
平均气温℃_21d,平均气温℃_21d,gray_incidence,灰斑病发病株率,119,-0.665662023378743,1.4685493132355089e-16,-0.6151798192560614,9.786304594157597e-14,1
平均气温℃_28d,平均气温℃_28d,gray_incidence,灰斑病发病株率,119,-0.6653296821838728,1.5391106700834333e-16,-0.6159067118315578,8.985098382803192e-14,2
平均气温℃_14d,平均气温℃_14d,gray_incidence,灰斑病发病株率,119,-0.6542735408056912,7.092477025470105e-16,-0.6088575948357131,2.0383698195496692e-13,3
平均气温℃_7d,平均气温℃_7d,gray_incidence,灰斑病发病株率,119,-0.6440598457121808,2.752457912882549e-15,-0.5991420082189017,6.101473090282899e-13,4
生育期编码,生育期编码,gray_incidence,灰斑病发病株率,119,0.5231231554233731,1.037223898280087e-09,0.533462130078792,4.1959610164971767e-10,5
平均相对湿度_28d,平均相对湿度_28d,gray_incidence,灰斑病发病株率,119,0.422195047108841,1.7308421475710217e-06,0.3872134736694565,1.359078973813451e-05,6
平均相对湿度_21d,平均相对湿度_21d,gray_incidence,灰斑病发病株率,119,0.38713691548253465,1.3648797594870426e-05,0.35407724399677465,7.79792720077089e-05,7
连续低温天数,连续低温天数,gray_incidence,灰斑病发病株率,119,0.37589518748723694,2.5220187596875746e-05,0.2816541018594732,0.0019148748058465364,8
平均相对湿度_14d,平均相对湿度_14d,gray_incidence,灰斑病发病株率,119,0.34184190216772686,0.00014181598067146165,0.3317852922408537,0.00022769091063576713,9
平均短波辐射_28d,平均短波辐射_28d,gray_incidence,灰斑病发病株率,119,-0.32735028029838725,0.00027913600686428467,-0.26364928658884057,0.0037655845913566514,10
平均气温℃_7d,平均气温℃_7d,gray_index,灰斑病病情指数,118,-0.7051354887036202,4.977108718292097e-19,-0.6149704974663388,1.2772102222371032e-13,1
平均气温℃_21d,平均气温℃_21d,gray_index,灰斑病病情指数,118,-0.7048443380163972,5.22046006185179e-19,-0.599984396651772,6.974174266390792e-13,2
平均气温℃_14d,平均气温℃_14d,gray_index,灰斑病病情指数,118,-0.7026646423309726,7.449368694569433e-19,-0.6035355499760767,4.7018789125961e-13,3
平均气温℃_28d,平均气温℃_28d,gray_index,灰斑病病情指数,118,-0.6985570569598837,1.4432361303619856e-18,-0.5898664629179782,2.0890947980252673e-12,4
生育期编码,生育期编码,gray_index,灰斑病病情指数,118,0.5689005841761133,1.804603350264423e-11,0.5261800227635737,9.401798249280195e-10,5
连续低温天数,连续低温天数,gray_index,灰斑病病情指数,118,0.4700796062235543,7.842445980844944e-08,0.5308619847697903,6.260258430835173e-10,6
平均相对湿度_28d,平均相对湿度_28d,gray_index,灰斑病病情指数,118,0.42727543690567865,1.3970326404810236e-06,0.32336685867011417,0.0003546328709483436,7
平均相对湿度_21d,平均相对湿度_21d,gray_index,灰斑病病情指数,118,0.3917943977519612,1.1471649098253434e-05,0.3003293022118466,0.0009521112673031225,8
平均短波辐射_28d,平均短波辐射_28d,gray_index,灰斑病病情指数,118,-0.36263211540472745,5.448407746602172e-05,-0.326817573617627,0.00030376554254030023,9
弱风日连续天数,弱风日连续天数,gray_index,灰斑病病情指数,118,0.3443575019444583,0.00013436099683151296,0.34487396578834956,0.00013107512059689892,10
平均风速_28d,平均风速_28d,blight_incidence,大斑病发病株率,121,0.4501702169389893,2.2118120682474987e-07,0.1587937609657001,0.0819194017387787,1
7天内高湿天数,7天内高湿天数,blight_incidence,大斑病发病株率,121,0.4405649810262468,4.258302161597338e-07,0.5583698362093696,2.8420209958286046e-11,2
平均相对湿度_21d,平均相对湿度_21d,blight_incidence,大斑病发病株率,121,0.4314408605547149,7.789415944064543e-07,0.42915938606706233,9.034345406058267e-07,3
平均相对湿度_14d,平均相对湿度_14d,blight_incidence,大斑病发病株率,121,0.4281780997629471,9.62604523435464e-07,0.40617696337226084,3.792413437329287e-06,4
平均相对湿度_28d,平均相对湿度_28d,blight_incidence,大斑病发病株率,121,0.42579280477916637,1.122170399616284e-06,0.45325247199462326,1.7848132453554733e-07,5
平均相对湿度_7d,平均相对湿度_7d,blight_incidence,大斑病发病株率,121,0.42233337061664283,1.39883038213188e-06,0.3927915450340739,8.33798744170649e-06,6
28天内高湿天数,28天内高湿天数,blight_incidence,大斑病发病株率,121,0.4108314498602705,2.860428425813912e-06,0.6394133586138955,2.9407901475609645e-15,7
累计降水_28d(mm),累计降水_28d(mm),blight_incidence,大斑病发病株率,121,0.394814227431671,7.4183311057034865e-06,0.2901827407919651,0.0012437929873249166,8
平均短波辐射_28d,平均短波辐射_28d,blight_incidence,大斑病发病株率,121,-0.3580010067517564,5.539928358753381e-05,-0.33482673647764793,0.00017416570887701112,9
连续高湿天数,连续高湿天数,blight_incidence,大斑病发病株率,121,0.34923545988178273,8.634381890892977e-05,0.40128431143675236,5.078075844295676e-06,10
平均风速_28d,平均风速_28d,blight_index,大斑病病情指数,121,0.44913032954110577,2.376679572591702e-07,0.10412243747995996,0.25572626462098197,1
7天内高湿天数,7天内高湿天数,blight_index,大斑病病情指数,121,0.4400532971849854,4.4070501888473747e-07,0.4643739752836317,8.086147497924689e-08,2
平均相对湿度_21d,平均相对湿度_21d,blight_index,大斑病病情指数,121,0.43018946008379894,8.450499339551713e-07,0.3364192066676655,0.00016143899474058674,3
平均相对湿度_14d,平均相对湿度_14d,blight_index,大斑病病情指数,121,0.4271266811928302,1.0300829822396449e-06,0.32130559151753146,0.0003263355310396653,4
平均相对湿度_28d,平均相对湿度_28d,blight_index,大斑病病情指数,121,0.425041170566414,1.177452434226334e-06,0.36042064973050214,4.889952725231571e-05,5
平均相对湿度_7d,平均相对湿度_7d,blight_index,大斑病病情指数,121,0.4223511641062539,1.3972544674709745e-06,0.32871303479423936,0.000232183541063373,6
28天内高湿天数,28天内高湿天数,blight_index,大斑病病情指数,121,0.41005152733235833,2.9997388024650243e-06,0.4960314700717504,7.233285373361541e-09,7
累计降水_28d(mm),累计降水_28d(mm),blight_index,大斑病病情指数,121,0.38994011248702204,9.818561220876143e-06,0.1785988703355184,0.049997698756175095,8
平均短波辐射_28d,平均短波辐射_28d,blight_index,大斑病病情指数,121,-0.3575189859372278,5.678705235177842e-05,-0.26729424399556234,0.0030382528088770773,9
连续高湿天数,连续高湿天数,blight_index,大斑病病情指数,121,0.3459728937773911,0.0001015157487575539,0.2954927454170788,0.001000165735201047,10
平均短波辐射_28d,平均短波辐射_28d,white_incidence,白斑病发病株率,120,-0.5886574332728749,1.5397035417081875e-12,-0.5349811202298168,3.083031540336098e-10,1
平均相对湿度_28d,平均相对湿度_28d,white_incidence,白斑病发病株率,120,0.5253002888147104,7.283201894673422e-10,0.45572675997617007,1.6920864616152582e-07,2
平均相对湿度_21d,平均相对湿度_21d,white_incidence,白斑病发病株率,120,0.5110731318210261,2.4554258961976732e-09,0.4234398749599606,1.445056514774667e-06,3
28天内高湿天数,28天内高湿天数,white_incidence,白斑病发病株率,120,0.5007529046088963,5.729199244414766e-09,0.38861545105238104,1.1535582758120106e-05,4
平均相对湿度_14d,平均相对湿度_14d,white_incidence,白斑病发病株率,120,0.4948249383201451,9.204434419385178e-09,0.40194209803391173,5.354617290041607e-06,5
平均短波辐射_7d,平均短波辐射_7d,white_incidence,白斑病发病株率,120,-0.45258057523483486,2.106062001316316e-07,-0.4123969787907471,2.864177341839048e-06,6
平均气温℃_21d,平均气温℃_21d,white_incidence,白斑病发病株率,120,-0.4368211905636016,6.101935066655318e-07,-0.35076880349253536,8.572142435231887e-05,7
平均气温℃_28d,平均气温℃_28d,white_incidence,白斑病发病株率,120,-0.43536416424445973,6.714570155308533e-07,-0.3565962638912052,6.396821300878903e-05,8
平均相对湿度_7d,平均相对湿度_7d,white_incidence,白斑病发病株率,120,0.4328120181435115,7.931108707477131e-07,0.3557181635237849,6.687723211732576e-05,9
生育期编码,生育期编码,white_incidence,白斑病发病株率,120,0.4130487029513065,2.7526828706459963e-06,0.40533335817863486,4.3811662468880635e-06,10
平均短波辐射_28d,平均短波辐射_28d,white_index,白斑病病情指数,120,-0.5908104422718653,1.219430346455245e-12,-0.4969065526328802,7.800815521580828e-09,1
平均相对湿度_28d,平均相对湿度_28d,white_index,白斑病病情指数,120,0.5213262086536822,1.0285170402307312e-09,0.3508443125637948,8.540001183105864e-05,2
平均相对湿度_21d,平均相对湿度_21d,white_index,白斑病病情指数,120,0.504373348903828,4.269700613376045e-09,0.3237768139687418,0.00030934293183592086,3
28天内高湿天数,28天内高湿天数,white_index,白斑病病情指数,120,0.49066917010936045,1.2765166135982458e-08,0.2501035905616817,0.005869255941008308,4
平均相对湿度_14d,平均相对湿度_14d,white_index,白斑病病情指数,120,0.48908859807352834,1.4439430823274395e-08,0.3066395543849644,0.0006583682029487772,5
平均短波辐射_7d,平均短波辐射_7d,white_index,白斑病病情指数,120,-0.4650041041226576,8.760452195597923e-08,-0.4104961442939066,3.2143062854691035e-06,6
平均气温℃_21d,平均气温℃_21d,white_index,白斑病病情指数,120,-0.43856270346803433,5.439381785608488e-07,-0.3489624434213255,9.375510022488773e-05,7
平均气温℃_28d,平均气温℃_28d,white_index,白斑病病情指数,120,-0.43646351022095453,6.247203256119395e-07,-0.3527283972163276,7.77350332829721e-05,8
平均相对湿度_7d,平均相对湿度_7d,white_index,白斑病病情指数,120,0.4270124549098833,1.1520901063006663e-06,0.2611596158807435,0.003963006671135015,9
生育期编码,生育期编码,white_index,白斑病病情指数,120,0.4263851802637932,1.1990710093282433e-06,0.42051593039437907,1.736134992542926e-06,10
