特征变量,特征变量中文,目标变量,目标变量中文,配对样本数,Spearman系数,Spearman显著性p值,Pearson系数,Pearson显著性p值
有效积温_GDD,有效积温_GDD,gray_incidence,灰斑病发病株率,119,-0.005361900091655647,0.9538486426987338,-0.10347766222863376,0.26275533578429167
有效积温_GDD,有效积温_GDD,gray_index,灰斑病病情指数,118,0.04335784558371774,0.6410778295027498,-0.03018874860650976,0.7455467988142359
有效积温_GDD,有效积温_GDD,blight_incidence,大斑病发病株率,121,0.002884542771083724,0.9749500022055748,-0.16589441718293116,0.06898480844615365
有效积温_GDD,有效积温_GDD,blight_index,大斑病病情指数,121,0.009480509659215786,0.917799928280922,-0.09224383435398137,0.31427264876605326
有效积温_GDD,有效积温_GDD,white_incidence,白斑病发病株率,120,0.27515707032747205,0.0023533774180544333,0.1317416917562989,0.15148323571014483
有效积温_GDD,有效积温_GDD,white_index,白斑病病情指数,120,0.2859213659303758,0.0015471647333037783,0.18005649806146531,0.049080743951544305
生育期编码,生育期编码,gray_incidence,灰斑病发病株率,119,0.5231231554233731,1.037223898280087e-09,0.533462130078792,4.1959610164971767e-10
生育期编码,生育期编码,gray_index,灰斑病病情指数,118,0.5689005841761133,1.804603350264423e-11,0.5261800227635737,9.401798249280195e-10
生育期编码,生育期编码,blight_incidence,大斑病发病株率,121,0.22226992785543986,0.014272785246187436,0.11062737723128879,0.22705440363167448
生育期编码,生育期编码,blight_index,大斑病病情指数,121,0.23220901728880375,0.01037964471239086,0.170492544967543,0.06153044471193942
生育期编码,生育期编码,white_incidence,白斑病发病株率,120,0.4130487029513065,2.7526828706459963e-06,0.40533335817863486,4.3811662468880635e-06
生育期编码,生育期编码,white_index,白斑病病情指数,120,0.4263851802637932,1.1990710093282433e-06,0.42051593039437907,1.736134992542926e-06
累计降水_21d(mm),累计降水_21d(mm),gray_incidence,灰斑病发病株率,119,0.037166179554232924,0.6882034179630402,-0.055326121817022345,0.5500906945448225
累计降水_21d(mm),累计降水_21d(mm),gray_index,灰斑病病情指数,118,0.02577863922545541,0.7817088514613822,-0.05729617768525187,0.5377118147672572
累计降水_21d(mm),累计降水_21d(mm),blight_incidence,大斑病发病株率,121,0.32350248035842816,0.0002952651849884525,0.2176193570040708,0.01649494417805132
累计降水_21d(mm),累计降水_21d(mm),blight_index,大斑病病情指数,121,0.3177129352851964,0.0003837223143541041,0.1063806618281472,0.24550384948780019
累计降水_21d(mm),累计降水_21d(mm),white_incidence,白斑病发病株率,120,0.05769354215311343,0.5313755217845085,0.005673513144328508,0.9509608625904986
累计降水_21d(mm),累计降水_21d(mm),white_index,白斑病病情指数,120,0.042358720878574195,0.6459713732994002,-0.10469924215951489,0.2551000514032051
累计降水_7d(mm),累计降水_7d(mm),gray_incidence,灰斑病发病株率,119,0.054478934174247325,0.5562240394607163,-0.03547691578829245,0.701687809032685
累计降水_7d(mm),累计降水_7d(mm),gray_index,灰斑病病情指数,118,0.05655415706269105,0.542999929037066,-0.00040361031005345073,0.9965390605953145
累计降水_7d(mm),累计降水_7d(mm),blight_incidence,大斑病发病株率,121,0.3173254569371884,0.00039043853953866375,0.18593625532374616,0.041160395159801404
累计降水_7d(mm),累计降水_7d(mm),blight_index,大斑病病情指数,121,0.31591005789995646,0.0004159041752505903,0.13270941522482718,0.1467583276352881
累计降水_7d(mm),累计降水_7d(mm),white_incidence,白斑病发病株率,120,-0.06911956859466695,0.45317069201621407,-0.08204314818383987,0.37301842182796374
累计降水_7d(mm),累计降水_7d(mm),white_index,白斑病病情指数,120,-0.08357427630319232,0.36413361792056786,-0.1348604334210115,0.14194761590004767
累计降水_14d(mm),累计降水_14d(mm),gray_incidence,灰斑病发病株率,119,0.08562229865280602,0.35451263582062476,-0.03676677239411953,0.6913830187639144
累计降水_14d(mm),累计降水_14d(mm),gray_index,灰斑病病情指数,118,0.07513261517846406,0.4187425075775796,-0.03476279966096471,0.7086172546128782
累计降水_14d(mm),累计降水_14d(mm),blight_incidence,大斑病发病株率,121,0.31041109393581745,0.0005300661910614314,0.1944624285479757,0.032571098182744534
累计降水_14d(mm),累计降水_14d(mm),blight_index,大斑病病情指数,121,0.3058950417355044,0.0006446702510224996,0.0979857979338467,0.2849655157982419
累计降水_14d(mm),累计降水_14d(mm),white_incidence,白斑病发病株率,120,0.03555144218705906,0.699872834426583,0.00041082314038678016,0.9964468426398718
累计降水_14d(mm),累计降水_14d(mm),white_index,白斑病病情指数,120,0.020218792100779606,0.826502126259165,-0.10258864012180703,0.2648572015499458
累计降水_28d(mm),累计降水_28d(mm),gray_incidence,灰斑病发病株率,119,0.07043894336623661,0.44651749729385903,0.025142841169187743,0.7860650552032932
累计降水_28d(mm),累计降水_28d(mm),gray_index,灰斑病病情指数,118,0.0681764744350872,0.46321908638968806,0.01010651204544771,0.9135047649123402
累计降水_28d(mm),累计降水_28d(mm),blight_incidence,大斑病发病株率,121,0.394814227431671,7.4183311057034865e-06,0.2901827407919651,0.0012437929873249166
累计降水_28d(mm),累计降水_28d(mm),blight_index,大斑病病情指数,121,0.38994011248702204,9.818561220876143e-06,0.1785988703355184,0.049997698756175095
累计降水_28d(mm),累计降水_28d(mm),white_incidence,白斑病发病株率,120,0.14076284268379585,0.12515621820883752,0.09148372101737055,0.3203444909106635
累计降水_28d(mm),累计降水_28d(mm),white_index,白斑病病情指数,120,0.12605936590666833,0.17008309456468226,-0.05573474179221534,0.5454293592110785
连续降雨天数,连续降雨天数,gray_incidence,灰斑病发病株率,119,0.11323163802881153,0.220153160697604,-0.08379177724277147,0.36493225761177517
连续降雨天数,连续降雨天数,gray_index,灰斑病病情指数,118,0.13327901797874978,0.15020828595201371,-0.028506203439285935,0.759282938245113
连续降雨天数,连续降雨天数,blight_incidence,大斑病发病株率,121,0.3440947707078393,0.0001113410277940812,0.41693507023674053,1.963377217563312e-06
连续降雨天数,连续降雨天数,blight_index,大斑病病情指数,121,0.3423981124128559,0.00012097145479583493,0.26234707993876494,0.0036495975875414487
连续降雨天数,连续降雨天数,white_incidence,白斑病发病株率,120,0.2396947464746961,0.008369303418571276,0.2321683889060595,0.010722255196027649
连续降雨天数,连续降雨天数,white_index,白斑病病情指数,120,0.22952106041052564,0.01167825076600458,0.1578503620471211,0.08509172073423793
降雨间歇长度(天),降雨间歇长度(天),gray_incidence,灰斑病发病株率,119,-0.13578554231898274,0.14090234285617015,-0.1281984583309779,0.16469317386527654
降雨间歇长度(天),降雨间歇长度(天),gray_index,灰斑病病情指数,118,-0.15634907663664446,0.09089020472946549,-0.10066214807391904,0.2781041072070136
降雨间歇长度(天),降雨间歇长度(天),blight_incidence,大斑病发病株率,121,-0.19005881061563745,0.03679622759370127,-0.14725276184454486,0.10701284174413879
降雨间歇长度(天),降雨间歇长度(天),blight_index,大斑病病情指数,121,-0.18985372341538048,0.03700374228562688,-0.12191093064290687,0.18283559084101325
降雨间歇长度(天),降雨间歇长度(天),white_incidence,白斑病发病株率,120,-0.17920663172136916,0.050177537628166256,-0.12958862233761811,0.1583421004139138
降雨间歇长度(天),降雨间歇长度(天),white_index,白斑病病情指数,120,-0.16558906346913999,0.07069211736434501,-0.02604685013098013,0.7776442174263337
平均气温℃_21d,平均气温℃_21d,gray_incidence,灰斑病发病株率,119,-0.665662023378743,1.4685493132355089e-16,-0.6151798192560614,9.786304594157597e-14
平均气温℃_21d,平均气温℃_21d,gray_index,灰斑病病情指数,118,-0.7048443380163972,5.22046006185179e-19,-0.599984396651772,6.974174266390792e-13
平均气温℃_21d,平均气温℃_21d,blight_incidence,大斑病发病株率,121,0.09033863496712208,0.32441447854325506,-0.10070671237615725,0.27173668507236587
平均气温℃_21d,平均气温℃_21d,blight_index,大斑病病情指数,121,0.09119827145081966,0.3198126628931343,-0.08216373252556167,0.3702871271137206
平均气温℃_21d,平均气温℃_21d,white_incidence,白斑病发病株率,120,-0.4368211905636016,6.101935066655318e-07,-0.35076880349253536,8.572142435231887e-05
平均气温℃_21d,平均气温℃_21d,white_index,白斑病病情指数,120,-0.43856270346803433,5.439381785608488e-07,-0.3489624434213255,9.375510022488773e-05
平均气温℃_7d,平均气温℃_7d,gray_incidence,灰斑病发病株率,119,-0.6440598457121808,2.752457912882549e-15,-0.5991420082189017,6.101473090282899e-13
平均气温℃_7d,平均气温℃_7d,gray_index,灰斑病病情指数,118,-0.7051354887036202,4.977108718292097e-19,-0.6149704974663388,1.2772102222371032e-13
平均气温℃_7d,平均气温℃_7d,blight_incidence,大斑病发病株率,121,0.07667740006001401,0.40319542657288016,-0.08705967647829196,0.34235603451969226
平均气温℃_7d,平均气温℃_7d,blight_index,大斑病病情指数,121,0.07818146116420245,0.39400600103256483,-0.0698162752393282,0.44669495481910043
平均气温℃_7d,平均气温℃_7d,white_incidence,白斑病发病株率,120,-0.3962970585518587,7.441763137447708e-06,-0.315293396099252,0.0004521299319868509
平均气温℃_7d,平均气温℃_7d,white_index,白斑病病情指数,120,-0.4013910516174005,5.5309236567617335e-06,-0.3052665273039287,0.0006980909493659866
平均气温℃_14d,平均气温℃_14d,gray_incidence,灰斑病发病株率,119,-0.6542735408056912,7.092477025470105e-16,-0.6088575948357131,2.0383698195496692e-13
平均气温℃_14d,平均气温℃_14d,gray_index,灰斑病病情指数,118,-0.7026646423309726,7.449368694569433e-19,-0.6035355499760767,4.7018789125961e-13
平均气温℃_14d,平均气温℃_14d,blight_incidence,大斑病发病株率,121,0.08485195221373207,0.35478217343867763,-0.09170569107564937,0.31711622273188206
平均气温℃_14d,平均气温℃_14d,blight_index,大斑病病情指数,121,0.08669477748942808,0.3443906816344498,-0.07079083529859834,0.4403602702125266
平均气温℃_14d,平均气温℃_14d,white_incidence,白斑病发病株率,120,-0.40913299041500756,3.4899428509522425e-06,-0.3349891072983598,0.00018411892683517752
平均气温℃_14d,平均气温℃_14d,white_index,白斑病病情指数,120,-0.4114418764276375,3.0353260370346744e-06,-0.3296943060696022,0.00023582396250670633
平均气温℃_28d,平均气温℃_28d,gray_incidence,灰斑病发病株率,119,-0.6653296821838728,1.5391106700834333e-16,-0.6159067118315578,8.985098382803192e-14
平均气温℃_28d,平均气温℃_28d,gray_index,灰斑病病情指数,118,-0.6985570569598837,1.4432361303619856e-18,-0.5898664629179782,2.0890947980252673e-12
平均气温℃_28d,平均气温℃_28d,blight_incidence,大斑病发病株率,121,0.1065515807871119,0.2447418294691541,-0.10959368146834314,0.2314526425530507
平均气温℃_28d,平均气温℃_28d,blight_index,大斑病病情指数,121,0.10671366451691137,0.24402071573634573,-0.09426894725638632,0.3037207071199913
平均气温℃_28d,平均气温℃_28d,white_incidence,白斑病发病株率,120,-0.43536416424445973,6.714570155308533e-07,-0.3565962638912052,6.396821300878903e-05
平均气温℃_28d,平均气温℃_28d,white_index,白斑病病情指数,120,-0.43646351022095453,6.247203256119395e-07,-0.3527283972163276,7.77350332829721e-05
24h温差℃,24h温差℃,gray_incidence,灰斑病发病株率,119,-0.042085602124811404,0.6495012180633942,-0.012154961969980109,0.8956169082890766
24h温差℃,24h温差℃,gray_index,灰斑病病情指数,118,-0.07742247598878382,0.40466298548615126,-0.09084488457056537,0.3279023220669623
24h温差℃,24h温差℃,blight_incidence,大斑病发病株率,121,-0.1525277633814656,0.09488429124315079,-0.1579601751442423,0.08355755565399627
24h温差℃,24h温差℃,blight_index,大斑病病情指数,121,-0.14551222211270307,0.1112705637239783,-0.05634524048897165,0.5393130685167731
24h温差℃,24h温差℃,white_incidence,白斑病发病株率,120,-0.11806143261458708,0.19905173227268624,-0.14217403022459985,0.12137770086963416
24h温差℃,24h温差℃,white_index,白斑病病情指数,120,-0.12490668390045935,0.17405400421376307,-0.12911634668522343,0.1598771620258236
平均相对湿度_21d,平均相对湿度_21d,gray_incidence,灰斑病发病株率,119,0.38713691548253465,1.3648797594870426e-05,0.35407724399677465,7.79792720077089e-05
平均相对湿度_21d,平均相对湿度_21d,gray_index,灰斑病病情指数,118,0.3917943977519612,1.1471649098253434e-05,0.3003293022118466,0.0009521112673031225
平均相对湿度_21d,平均相对湿度_21d,blight_incidence,大斑病发病株率,121,0.4314408605547149,7.789415944064543e-07,0.42915938606706233,9.034345406058267e-07
平均相对湿度_21d,平均相对湿度_21d,blight_index,大斑病病情指数,121,0.43018946008379894,8.450499339551713e-07,0.3364192066676655,0.00016143899474058674
平均相对湿度_21d,平均相对湿度_21d,white_incidence,白斑病发病株率,120,0.5110731318210261,2.4554258961976732e-09,0.4234398749599606,1.445056514774667e-06
平均相对湿度_21d,平均相对湿度_21d,white_index,白斑病病情指数,120,0.504373348903828,4.269700613376045e-09,0.3237768139687418,0.00030934293183592086
平均相对湿度_7d,平均相对湿度_7d,gray_incidence,灰斑病发病株率,119,0.2958860708956772,0.0010863858739788698,0.30053347017890186,0.000897125105503268
平均相对湿度_7d,平均相对湿度_7d,gray_index,灰斑病病情指数,118,0.2853276734783313,0.0017372065671479387,0.243732450603512,0.00782188365218343
平均相对湿度_7d,平均相对湿度_7d,blight_incidence,大斑病发病株率,121,0.42233337061664283,1.39883038213188e-06,0.3927915450340739,8.33798744170649e-06
平均相对湿度_7d,平均相对湿度_7d,blight_index,大斑病病情指数,121,0.4223511641062539,1.3972544674709745e-06,0.32871303479423936,0.000232183541063373
平均相对湿度_7d,平均相对湿度_7d,white_incidence,白斑病发病株率,120,0.4328120181435115,7.931108707477131e-07,0.3557181635237849,6.687723211732576e-05
平均相对湿度_7d,平均相对湿度_7d,white_index,白斑病病情指数,120,0.4270124549098833,1.1520901063006663e-06,0.2611596158807435,0.003963006671135015
平均相对湿度_14d,平均相对湿度_14d,gray_incidence,灰斑病发病株率,119,0.34184190216772686,0.00014181598067146165,0.3317852922408537,0.00022769091063576713
平均相对湿度_14d,平均相对湿度_14d,gray_index,灰斑病病情指数,118,0.3402292503635579,0.0001635145778145807,0.2721887162695975,0.0028659463893480125
平均相对湿度_14d,平均相对湿度_14d,blight_incidence,大斑病发病株率,121,0.4281780997629471,9.62604523435464e-07,0.40617696337226084,3.792413437329287e-06
平均相对湿度_14d,平均相对湿度_14d,blight_index,大斑病病情指数,121,0.4271266811928302,1.0300829822396449e-06,0.32130559151753146,0.0003263355310396653
平均相对湿度_14d,平均相对湿度_14d,white_incidence,白斑病发病株率,120,0.4948249383201451,9.204434419385178e-09,0.40194209803391173,5.354617290041607e-06
平均相对湿度_14d,平均相对湿度_14d,white_index,白斑病病情指数,120,0.48908859807352834,1.4439430823274395e-08,0.3066395543849644,0.0006583682029487772
平均相对湿度_28d,平均相对湿度_28d,gray_incidence,灰斑病发病株率,119,0.422195047108841,1.7308421475710217e-06,0.3872134736694565,1.359078973813451e-05
平均相对湿度_28d,平均相对湿度_28d,gray_index,灰斑病病情指数,118,0.42727543690567865,1.3970326404810236e-06,0.32336685867011417,0.0003546328709483436
平均相对湿度_28d,平均相对湿度_28d,blight_incidence,大斑病发病株率,121,0.42579280477916637,1.122170399616284e-06,0.45325247199462326,1.7848132453554733e-07
平均相对湿度_28d,平均相对湿度_28d,blight_index,大斑病病情指数,121,0.425041170566414,1.177452434226334e-06,0.36042064973050214,4.889952725231571e-05
平均相对湿度_28d,平均相对湿度_28d,white_incidence,白斑病发病株率,120,0.5253002888147104,7.283201894673422e-10,0.45572675997617007,1.6920864616152582e-07
平均相对湿度_28d,平均相对湿度_28d,white_index,白斑病病情指数,120,0.5213262086536822,1.0285170402307312e-09,0.3508443125637948,8.540001183105864e-05
湿度日较差,湿度日较差,gray_incidence,灰斑病发病株率,119,-0.04171461660495631,0.6523891171932049,-0.009061760325656221,0.9220825948231962
湿度日较差,湿度日较差,gray_index,灰斑病病情指数,118,-0.06851483874726504,0.46099724105359535,-0.08196650597566787,0.37756495004255824
湿度日较差,湿度日较差,blight_incidence,大斑病发病株率,121,-0.2467746512289896,0.006358849213283845,-0.19809553184655826,0.029401202456049127
湿度日较差,湿度日较差,blight_index,大斑病病情指数,121,-0.24106286356647832,0.0077316956908063785,-0.08645989730942853,0.34570437620519817
湿度日较差,湿度日较差,white_incidence,白斑病发病株率,120,-0.1549617991680774,0.09103213835631313,-0.13784191252305128,0.1332640041627512
湿度日较差,湿度日较差,white_index,白斑病病情指数,120,-0.1588077177009554,0.0831926254391867,-0.11633314772690348,0.2057537386860827
平均土壤相对湿度_14d,平均土壤相对湿度_14d,gray_incidence,灰斑病发病株率,119,0.0287880898975054,0.7559598084906028,0.00590939391931482,0.9491422247056734
平均土壤相对湿度_14d,平均土壤相对湿度_14d,gray_index,灰斑病病情指数,118,0.056294378821400495,0.5448572984363688,0.049854784842703566,0.5918686241387505
平均土壤相对湿度_14d,平均土壤相对湿度_14d,blight_incidence,大斑病发病株率,121,-0.03235529094278527,0.7246086858540394,-0.21648566580975692,0.017080089221696074
平均土壤相对湿度_14d,平均土壤相对湿度_14d,blight_index,大斑病病情指数,121,-0.03451671210677288,0.7070248852749569,-0.21330519252043206,0.018818610860304542
平均土壤相对湿度_14d,平均土壤相对湿度_14d,white_incidence,白斑病发病株率,120,0.1606301015580289,0.07967134925648951,0.0794137061873694,0.3885825355022251
平均土壤相对湿度_14d,平均土壤相对湿度_14d,white_index,白斑病病情指数,120,0.1661502083665224,0.0697298295505066,0.06842002498164283,0.4577665475038731
平均土壤相对湿度_7d,平均土壤相对湿度_7d,gray_incidence,灰斑病发病株率,119,-0.0433144916593314,0.6399723209647481,-0.04652404920756529,0.6153632155055012
平均土壤相对湿度_7d,平均土壤相对湿度_7d,gray_index,灰斑病病情指数,118,-0.017665764670679915,0.8494099634162068,0.009735659960183298,0.9166670196382932
平均土壤相对湿度_7d,平均土壤相对湿度_7d,blight_incidence,大斑病发病株率,121,-0.06447860816621764,0.48228377042144166,-0.2159923860146301,0.01734025329200707
平均土壤相对湿度_7d,平均土壤相对湿度_7d,blight_index,大斑病病情指数,121,-0.0660310949059514,0.47177841411751925,-0.20143346306058157,0.02672369944231749
平均土壤相对湿度_7d,平均土壤相对湿度_7d,white_incidence,白斑病发病株率,120,0.10198714225502309,0.26768376124311777,0.021325735039343516,0.8171650126324908
平均土壤相对湿度_7d,平均土壤相对湿度_7d,white_index,白斑病病情指数,120,0.10721816937428481,0.24378186152630535,0.012984841588734213,0.8880604099089828
平均土壤相对湿度_21d,平均土壤相对湿度_21d,gray_incidence,灰斑病发病株率,119,0.058822459275774,0.5251318742482144,0.04155694403238798,0.6536180659395504
平均土壤相对湿度_21d,平均土壤相对湿度_21d,gray_index,灰斑病病情指数,118,0.09130328172556751,0.3254572571010632,0.09231865669150818,0.3200830964464976
平均土壤相对湿度_21d,平均土壤相对湿度_21d,blight_incidence,大斑病发病株率,121,0.012582052821422888,0.8910534217736725,-0.2075182870343987,0.02237571291820579
平均土壤相对湿度_21d,平均土壤相对湿度_21d,blight_index,大斑病病情指数,121,0.010548452298829891,0.908578491453115,-0.20302017125896216,0.02552565800577055
平均土壤相对湿度_21d,平均土壤相对湿度_21d,white_incidence,白斑病发病株率,120,0.22469695883616242,0.013613450245654992,0.12830315221221797,0.16254631991964147
平均土壤相对湿度_21d,平均土壤相对湿度_21d,white_index,白斑病病情指数,120,0.23060668672998108,0.011277538794033362,0.11778986016704497,0.20009428350605216
平均土壤相对湿度_28d,平均土壤相对湿度_28d,gray_incidence,灰斑病发病株率,119,0.06261346755679323,0.49873157396477735,0.06455613220055517,0.48547803830012976
平均土壤相对湿度_28d,平均土壤相对湿度_28d,gray_index,灰斑病病情指数,118,0.09844040803127203,0.2889028345382437,0.12117270157886105,0.1911847114002371
平均土壤相对湿度_28d,平均土壤相对湿度_28d,blight_incidence,大斑病发病株率,121,0.05973827564031083,0.5151228146453196,-0.19738213634249346,0.03000208955916682
平均土壤相对湿度_28d,平均土壤相对湿度_28d,blight_index,大斑病病情指数,121,0.05774950198366087,0.5292337860273346,-0.19199521246733037,0.03488470794165035
平均土壤相对湿度_28d,平均土壤相对湿度_28d,white_incidence,白斑病发病株率,120,0.2756411790722192,0.0023102139299600146,0.1668952400751426,0.0684686337975539
平均土壤相对湿度_28d,平均土壤相对湿度_28d,white_index,白斑病病情指数,120,0.28442662788167394,0.0016415673972071058,0.15835910961032837,0.08407826026730418
平均风速_7d,平均风速_7d,gray_incidence,灰斑病发病株率,119,0.23067763691614754,0.011603726307747447,0.20089121112954672,0.028472251375541657
平均风速_7d,平均风速_7d,gray_index,灰斑病病情指数,118,0.23495860458878914,0.010434347529580574,0.34203063838537834,0.00015013721822710986
平均风速_7d,平均风速_7d,blight_incidence,大斑病发病株率,121,0.2976273248366963,0.0009151751441218385,0.09719759369776954,0.28887669733780996
平均风速_7d,平均风速_7d,blight_index,大斑病病情指数,121,0.2972809761046548,0.0009285002015621744,0.061691940433630216,0.5014512595031225
平均风速_7d,平均风速_7d,white_incidence,白斑病发病株率,120,-0.019947160317540808,0.8287971117231641,0.03113650780642721,0.7356683096111962
平均风速_7d,平均风速_7d,white_index,白斑病病情指数,120,-0.024225064927237677,0.7928333075857982,-0.009374440640497094,0.9190589315780681
平均风速_28d,平均风速_28d,gray_incidence,灰斑病发病株率,119,0.246027162800152,0.006994659401324738,0.29173778437089265,0.0012853917050762323
平均风速_28d,平均风速_28d,gray_index,灰斑病病情指数,118,0.20811765880184516,0.023728756248224375,0.3606661121990914,6.0199773145769165e-05
平均风速_28d,平均风速_28d,blight_incidence,大斑病发病株率,121,0.4501702169389893,2.2118120682474987e-07,0.1587937609657001,0.0819194017387787
平均风速_28d,平均风速_28d,blight_index,大斑病病情指数,121,0.44913032954110577,2.376679572591702e-07,0.10412243747995996,0.25572626462098197
平均风速_28d,平均风速_28d,white_incidence,白斑病发病株率,120,-0.08135376954201552,0.37706163788168245,0.031305547871303886,0.7342866996268524
平均风速_28d,平均风速_28d,white_index,白斑病病情指数,120,-0.08909388482137276,0.33320161040422275,0.007149217608639629,0.9382281666482983
是否弱风日,是否弱风日,gray_incidence,灰斑病发病株率,119,,,,
是否弱风日,是否弱风日,gray_index,灰斑病病情指数,118,,,,
是否弱风日,是否弱风日,blight_incidence,大斑病发病株率,121,,,,
是否弱风日,是否弱风日,blight_index,大斑病病情指数,121,,,,
是否弱风日,是否弱风日,white_incidence,白斑病发病株率,120,,,,
是否弱风日,是否弱风日,white_index,白斑病病情指数,120,,,,
弱风日连续天数,弱风日连续天数,gray_incidence,灰斑病发病株率,119,0.272635986635313,0.0027019452985417615,0.2710543227418411,0.0028667988638376176
弱风日连续天数,弱风日连续天数,gray_index,灰斑病病情指数,118,0.3443575019444583,0.00013436099683151296,0.34487396578834956,0.00013107512059689892
弱风日连续天数,弱风日连续天数,blight_incidence,大斑病发病株率,121,-0.15767001432398053,0.08413388393282253,-0.1553582961718862,0.08883975373626175
弱风日连续天数,弱风日连续天数,blight_index,大斑病病情指数,121,-0.15043154062870376,0.09956690952764409,-0.05347125465978052,0.5602330366786131
弱风日连续天数,弱风日连续天数,white_incidence,白斑病发病株率,120,0.3437534070651255,0.00012102537898924533,0.3510420412814765,8.45636761478359e-05
弱风日连续天数,弱风日连续天数,white_index,白斑病病情指数,120,0.3535760613215784,7.450030265047559e-05,0.4209096409542896,1.6939302962736638e-06
平均短波辐射_7d,平均短波辐射_7d,gray_incidence,灰斑病发病株率,119,-0.2672738126768531,0.0032981408651588974,-0.2398739848012929,0.008599583197114789
平均短波辐射_7d,平均短波辐射_7d,gray_index,灰斑病病情指数,118,-0.3159535781991715,0.0004915446138463645,-0.30103986534651656,0.0009246312005652158
平均短波辐射_7d,平均短波辐射_7d,blight_incidence,大斑病发病株率,121,-0.2719185852440655,0.002551882990018392,-0.23710212556642224,0.008831711005631621
平均短波辐射_7d,平均短波辐射_7d,blight_index,大斑病病情指数,121,-0.270451436016991,0.0026979795229443706,-0.1939522719474623,0.03303854758873898
平均短波辐射_7d,平均短波辐射_7d,white_incidence,白斑病发病株率,120,-0.45258057523483486,2.106062001316316e-07,-0.4123969787907471,2.864177341839048e-06
平均短波辐射_7d,平均短波辐射_7d,white_index,白斑病病情指数,120,-0.4650041041226576,8.760452195597923e-08,-0.4104961442939066,3.2143062854691035e-06
平均短波辐射_28d,平均短波辐射_28d,gray_incidence,灰斑病发病株率,119,-0.32735028029838725,0.00027913600686428467,-0.26364928658884057,0.0037655845913566514
平均短波辐射_28d,平均短波辐射_28d,gray_index,灰斑病病情指数,118,-0.36263211540472745,5.448407746602172e-05,-0.326817573617627,0.00030376554254030023
平均短波辐射_28d,平均短波辐射_28d,blight_incidence,大斑病发病株率,121,-0.3580010067517564,5.539928358753381e-05,-0.33482673647764793,0.00017416570887701112
平均短波辐射_28d,平均短波辐射_28d,blight_index,大斑病病情指数,121,-0.3575189859372278,5.678705235177842e-05,-0.26729424399556234,0.0030382528088770773
平均短波辐射_28d,平均短波辐射_28d,white_incidence,白斑病发病株率,120,-0.5886574332728749,1.5397035417081875e-12,-0.5349811202298168,3.083031540336098e-10
平均短波辐射_28d,平均短波辐射_28d,white_index,白斑病病情指数,120,-0.5908104422718653,1.219430346455245e-12,-0.4969065526328802,7.800815521580828e-09
寡照连续天数,寡照连续天数,gray_incidence,灰斑病发病株率,119,-0.1156546627489145,0.21037527194359049,-0.11742471288212498,0.20343120663745812
寡照连续天数,寡照连续天数,gray_index,灰斑病病情指数,118,-0.10177083853610838,0.2728180909211527,-0.03572155012147353,0.7009582520053926
寡照连续天数,寡照连续天数,blight_incidence,大斑病发病株率,121,0.15861219580486924,0.08227400285643399,0.06485172921724781,0.47974753390546476
寡照连续天数,寡照连续天数,blight_index,大斑病病情指数,121,0.15090527679941723,0.09849305511776142,-0.005175675659347375,0.955069483553018
寡照连续天数,寡照连续天数,white_incidence,白斑病发病株率,120,-0.019522301594477428,0.8323895812922321,0.0426198376152816,0.6439377072728131
寡照连续天数,寡照连续天数,white_index,白斑病病情指数,120,-0.01200027525603162,0.8964990512137274,0.03993089495734031,0.6650036129899853
连续高温天数,连续高温天数,gray_incidence,灰斑病发病株率,119,-0.30624562154963225,0.0007059730971132699,-0.21686059556465864,0.017838011125278407
连续高温天数,连续高温天数,gray_index,灰斑病病情指数,118,-0.30270191954387304,0.0008631629035292352,-0.1715830619604565,0.06319302784107811
连续高温天数,连续高温天数,blight_incidence,大斑病发病株率,121,-0.08956522153036588,0.3285909157562048,-0.08309673377876195,0.3648593676149665
连续高温天数,连续高温天数,blight_index,大斑病病情指数,121,-0.08946857417966134,0.3291152207001585,-0.06871991166168492,0.4538821662540446
连续高温天数,连续高温天数,white_incidence,白斑病发病株率,120,-0.1820052077030734,0.04664068025533955,-0.12499986833973802,0.1737304726962376
连续高温天数,连续高温天数,white_index,白斑病病情指数,120,-0.181448139005611,0.04732769613915065,-0.10306692260612732,0.2626241980381498
连续低温天数,连续低温天数,gray_incidence,灰斑病发病株率,119,0.37589518748723694,2.5220187596875746e-05,0.2816541018594732,0.0019148748058465364
连续低温天数,连续低温天数,gray_index,灰斑病病情指数,118,0.4700796062235543,7.842445980844944e-08,0.5308619847697903,6.260258430835173e-10
连续低温天数,连续低温天数,blight_incidence,大斑病发病株率,121,-0.16231566638658346,0.07528001791841263,-0.08416381492899502,0.3587120999746009
连续低温天数,连续低温天数,blight_index,大斑病病情指数,121,-0.16214051604512209,0.07559962492129332,-0.06638819230662739,0.46937975139519683
连续低温天数,连续低温天数,white_incidence,白斑病发病株率,120,0.15004505181905906,0.10189584760935692,0.024805946500543165,0.7879814900475478
连续低温天数,连续低温天数,white_index,白斑病病情指数,120,0.14935567250467904,0.10349727505127143,0.040057274793717984,0.6640074833665018
连续适温天数,连续适温天数,gray_incidence,灰斑病发病株率,119,-0.22845836131507882,0.012453627034963046,-0.04136101992201558,0.6551464516738637
连续适温天数,连续适温天数,gray_index,灰斑病病情指数,118,-0.25023184078256694,0.006277974344009522,-0.10710369952724717,0.24834324214562967
连续适温天数,连续适温天数,blight_incidence,大斑病发病株率,121,0.018810232497685757,0.8377417361278102,-0.09784198787577222,0.2856764714709743
连续适温天数,连续适温天数,blight_index,大斑病病情指数,121,0.019282372003493635,0.8337270372021343,-0.08368989547684526,0.361434287968612
连续适温天数,连续适温天数,white_incidence,白斑病发病株率,120,-0.16982206949003,0.06369210902081458,-0.12690471464553427,0.16721381681923914
连续适温天数,连续适温天数,white_index,白斑病病情指数,120,-0.16703889048233697,0.06822760293225104,-0.09713028618397125,0.2912562295216456
连续高湿天数,连续高湿天数,gray_incidence,灰斑病发病株率,119,0.042721277119269783,0.6445649556410338,-0.09609095616301999,0.29853877547216345
连续高湿天数,连续高湿天数,gray_index,灰斑病病情指数,118,0.07361414806712312,0.4282338567612361,-0.005855915126191002,0.9498183460745299
连续高湿天数,连续高湿天数,blight_incidence,大斑病发病株率,121,0.34923545988178273,8.634381890892977e-05,0.40128431143675236,5.078075844295676e-06
连续高湿天数,连续高湿天数,blight_index,大斑病病情指数,121,0.3459728937773911,0.0001015157487575539,0.2954927454170788,0.001000165735201047
连续高湿天数,连续高湿天数,white_incidence,白斑病发病株率,120,-0.013687355973229454,0.8820468055518259,0.17914583181696,0.05025677407955595
连续高湿天数,连续高湿天数,white_index,白斑病病情指数,120,-0.005667559896126308,0.9510122557103539,0.1262460690855816,0.16944627437013218
7天内高湿天数,7天内高湿天数,gray_incidence,灰斑病发病株率,119,0.14557056036649593,0.11418650433196684,0.10363618983932509,0.2620208832668248
7天内高湿天数,7天内高湿天数,gray_index,灰斑病病情指数,118,0.14290802825881477,0.12263963084120502,0.12217476132179973,0.18751268219379313
7天内高湿天数,7天内高湿天数,blight_incidence,大斑病发病株率,121,0.4405649810262468,4.258302161597338e-07,0.5583698362093696,2.8420209958286046e-11
7天内高湿天数,7天内高湿天数,blight_index,大斑病病情指数,121,0.4400532971849854,4.4070501888473747e-07,0.4643739752836317,8.086147497924689e-08
7天内高湿天数,7天内高湿天数,white_incidence,白斑病发病株率,120,0.3019255332320896,0.0008041034379212577,0.2763022782764179,0.0022524259688806916
7天内高湿天数,7天内高湿天数,white_index,白斑病病情指数,120,0.291716643905132,0.0012259938480851777,0.1388855809959038,0.13032217438861857
28天内高湿天数,28天内高湿天数,gray_incidence,灰斑病发病株率,119,0.2744931616498229,0.002519322429803459,0.14732393056767715,0.10984546427268166
28天内高湿天数,28天内高湿天数,gray_index,灰斑病病情指数,118,0.28212148323524217,0.001967289294346303,0.10797606719249306,0.24448863564094364
28天内高湿天数,28天内高湿天数,blight_incidence,大斑病发病株率,121,0.4108314498602705,2.860428425813912e-06,0.6394133586138955,2.9407901475609645e-15
28天内高湿天数,28天内高湿天数,blight_index,大斑病病情指数,121,0.41005152733235833,2.9997388024650243e-06,0.4960314700717504,7.233285373361541e-09
28天内高湿天数,28天内高湿天数,white_incidence,白斑病发病株率,120,0.5007529046088963,5.729199244414766e-09,0.38861545105238104,1.1535582758120106e-05
28天内高湿天数,28天内高湿天数,white_index,白斑病病情指数,120,0.49066917010936045,1.2765166135982458e-08,0.2501035905616817,0.005869255941008308
7天内强降雨次数,7天内强降雨次数,gray_incidence,灰斑病发病株率,119,-0.0890493823143162,0.33550965594461457,-0.10380407781720662,0.261244592436639
7天内强降雨次数,7天内强降雨次数,gray_index,灰斑病病情指数,118,-0.09106112621985309,0.326747439052083,-0.0537112495136229,0.5634938570069887
7天内强降雨次数,7天内强降雨次数,blight_incidence,大斑病发病株率,121,0.062410756826248255,0.4964692293966556,-0.022628022930229152,0.8054065679646718
7天内强降雨次数,7天内强降雨次数,blight_index,大斑病病情指数,121,0.06731221102756009,0.46320403338697924,0.02371028527880171,0.7962971753557435
7天内强降雨次数,7天内强降雨次数,white_incidence,白斑病发病株率,120,-0.1678748777795737,0.06683853337371176,-0.14911909336072018,0.10405137728852946
7天内强降雨次数,7天内强降雨次数,white_index,白斑病病情指数,120,-0.16769050910087233,0.0671428862296173,-0.13246273765928598,0.1492369252472841
28天内强降雨次数,28天内强降雨次数,gray_incidence,灰斑病发病株率,119,-0.06987803185299667,0.4501547912264279,-0.14216397318938676,0.12300046259724619
28天内强降雨次数,28天内强降雨次数,gray_index,灰斑病病情指数,118,-0.06000151094467934,0.5186506658144058,-0.08766895509187858,0.3451645032730539
28天内强降雨次数,28天内强降雨次数,blight_incidence,大斑病发病株率,121,0.02849854081333179,0.7563381400838421,-0.13600883958299623,0.1368857069894084
28天内强降雨次数,28天内强降雨次数,blight_index,大斑病病情指数,121,0.030745418520884346,0.7377999124575233,-0.0955246456455755,0.2972959464380097
28天内强降雨次数,28天内强降雨次数,white_incidence,白斑病发病株率,120,-0.15644656661378617,0.08793881863779082,-0.18086538271164448,0.04805536182732732
28天内强降雨次数,28天内强降雨次数,white_index,白斑病病情指数,120,-0.1568587917311202,0.08709501094082986,-0.23676827675141,0.00922369759685932
连续强降雨次数,连续强降雨次数,gray_incidence,灰斑病发病株率,119,0.22605782394062718,0.013433737311767266,0.21497398454166222,0.018881799483139557
连续强降雨次数,连续强降雨次数,gray_index,灰斑病病情指数,118,0.2630388252906905,0.004004921444658049,0.3529491099525495,8.8501332908188e-05
连续强降雨次数,连续强降雨次数,blight_incidence,大斑病发病株率,121,-0.07475077818529854,0.41514993160291563,-0.05709188430769275,0.5339421268314047
连续强降雨次数,连续强降雨次数,blight_index,大斑病病情指数,121,-0.0746701166902308,0.41565489685887475,-0.045033925776350105,0.6237941613408355
连续强降雨次数,连续强降雨次数,white_incidence,白斑病发病株率,120,-0.08758188971779027,0.34150345915715963,-0.08057289629350281,0.38167355691738547
连续强降雨次数,连续强降雨次数,white_index,白斑病病情指数,120,-0.08731382524951427,0.3429888330780067,-0.06643527370655614,0.47094547575920387
7天最大单日降雨_mm,7天最大单日降雨_mm,gray_incidence,灰斑病发病株率,119,-0.004152406674427387,0.9642512058887099,-0.10439978257484436,0.258502809640939
7天最大单日降雨_mm,7天最大单日降雨_mm,gray_index,灰斑病病情指数,118,0.0024315461011232093,0.979151884160397,-0.06423614590901051,0.4895219881800482
7天最大单日降雨_mm,7天最大单日降雨_mm,blight_incidence,大斑病发病株率,121,0.21198722755076277,0.019582637101348395,0.053634069762786035,0.5590375935087858
7天最大单日降雨_mm,7天最大单日降雨_mm,blight_index,大斑病病情指数,121,0.2121917073565447,0.01946237476562943,0.04353214587445106,0.6354229252355311
7天最大单日降雨_mm,7天最大单日降雨_mm,white_incidence,白斑病发病株率,120,-0.14079818871427507,0.12506048515917248,-0.15708338541875394,0.08663799927552875
7天最大单日降雨_mm,7天最大单日降雨_mm,white_index,白斑病病情指数,120,-0.1546448170309333,0.09170358729972859,-0.17790721270933155,0.051893652758415995
28天最大单日降雨_mm,28天最大单日降雨_mm,gray_incidence,灰斑病发病株率,119,-0.15592074675023965,0.09039573012552866,-0.1745118975828506,0.05766990078747804
28天最大单日降雨_mm,28天最大单日降雨_mm,gray_index,灰斑病病情指数,118,-0.15756465228536282,0.08837520625799844,-0.1996563974951262,0.030188376863566808
28天最大单日降雨_mm,28天最大单日降雨_mm,blight_incidence,大斑病发病株率,121,0.03172869138598902,0.7297336734750517,-0.02992841612493168,0.7445239540713627
28天最大单日降雨_mm,28天最大单日降雨_mm,blight_index,大斑病病情指数,121,0.030895349255124795,0.7365680930265806,-0.02377253572681859,0.7957740337395415
28天最大单日降雨_mm,28天最大单日降雨_mm,white_incidence,白斑病发病株率,120,-0.12616576360647042,0.169719969205047,-0.1930789535575163,0.03461278435876512
28天最大单日降雨_mm,28天最大单日降雨_mm,white_index,白斑病病情指数,120,-0.13688456325509238,0.13600689385678008,-0.26186693199646605,0.0038625023184132887
连续高温高湿天数,连续高温高湿天数,gray_incidence,灰斑病发病株率,119,,,,
连续高温高湿天数,连续高温高湿天数,gray_index,灰斑病病情指数,118,,,,
连续高温高湿天数,连续高温高湿天数,blight_incidence,大斑病发病株率,121,,,,
连续高温高湿天数,连续高温高湿天数,blight_index,大斑病病情指数,121,,,,
连续高温高湿天数,连续高温高湿天数,white_incidence,白斑病发病株率,120,,,,
连续高温高湿天数,连续高温高湿天数,white_index,白斑病病情指数,120,,,,
连续适温高湿天数,连续适温高湿天数,gray_incidence,灰斑病发病株率,119,,,,
连续适温高湿天数,连续适温高湿天数,gray_index,灰斑病病情指数,118,,,,
连续适温高湿天数,连续适温高湿天数,blight_incidence,大斑病发病株率,121,,,,
连续适温高湿天数,连续适温高湿天数,blight_index,大斑病病情指数,121,,,,
连续适温高湿天数,连续适温高湿天数,white_incidence,白斑病发病株率,120,,,,
连续适温高湿天数,连续适温高湿天数,white_index,白斑病病情指数,120,,,,
连续弱风高湿天数,连续弱风高湿天数,gray_incidence,灰斑病发病株率,119,0.042721277119269783,0.6445649556410338,-0.09609095616301999,0.29853877547216345
连续弱风高湿天数,连续弱风高湿天数,gray_index,灰斑病病情指数,118,0.07361414806712312,0.4282338567612361,-0.005855915126191002,0.9498183460745299
连续弱风高湿天数,连续弱风高湿天数,blight_incidence,大斑病发病株率,121,0.34923545988178273,8.634381890892977e-05,0.40128431143675236,5.078075844295676e-06
连续弱风高湿天数,连续弱风高湿天数,blight_index,大斑病病情指数,121,0.3459728937773911,0.0001015157487575539,0.2954927454170788,0.001000165735201047
连续弱风高湿天数,连续弱风高湿天数,white_incidence,白斑病发病株率,120,-0.013687355973229454,0.8820468055518259,0.17914583181696,0.05025677407955595
连续弱风高湿天数,连续弱风高湿天数,white_index,白斑病病情指数,120,-0.005667559896126308,0.9510122557103539,0.1262460690855816,0.16944627437013218
