date,地点,灰斑病_发病概率(%),大斑病_发病概率(%),白斑病_发病概率(%),灰斑病_发病可能性(%),灰斑病_风险等级,大斑病_发病可能性(%),大斑病_风险等级,白斑病_发病可能性(%),白斑病_风险等级
2025-06-10,气象数据-天,85.87,0.0,15.62,85.87,高风险,0.0,低风险,15.62,中低风险
2025-06-11,气象数据-天,85.91,0.0,10.85,85.91,高风险,0.0,低风险,10.85,中低风险
2025-06-12,气象数据-天,82.98,0.0,21.99,82.98,高风险,0.0,低风险,21.99,中低风险
2025-06-13,气象数据-天,83.01,0.0,22.8,83.01,高风险,0.0,低风险,22.8,中低风险
2025-06-14,气象数据-天,86.4,0.0,16.98,86.4,高风险,0.0,低风险,16.98,中低风险
2025-06-15,气象数据-天,81.32,0.0,11.73,81.32,高风险,0.0,低风险,11.73,中低风险
2025-06-16,气象数据-天,81.39,0.0,6.82,81.39,高风险,0.0,低风险,6.82,低风险
2025-06-17,气象数据-天,84.17,0.0,7.2,84.17,高风险,0.0,低风险,7.2,低风险
2025-06-18,气象数据-天,84.15,0.0,3.76,84.15,高风险,0.0,低风险,3.76,低风险
2025-06-19,气象数据-天,87.09,0.0,9.09,87.09,高风险,0.0,低风险,9.09,低风险
2025-06-20,气象数据-天,90.25,0.0,6.72,90.25,高风险,0.0,低风险,6.72,低风险
2025-06-21,气象数据-天,91.34,0.09,4.67,91.34,高风险,0.09,低风险,4.67,低风险
2025-06-22,气象数据-天,88.26,0.0,5.13,88.26,高风险,0.0,低风险,5.13,低风险
2025-06-23,气象数据-天,92.2,0.0,3.54,92.2,高风险,0.0,低风险,3.54,低风险
2025-06-24,气象数据-天,93.09,0.0,4.63,93.09,高风险,0.0,低风险,4.63,低风险
2025-06-25,气象数据-天,88.66,0.0,7.53,88.66,高风险,0.0,低风险,7.53,低风险
2025-06-26,气象数据-天,88.47,0.0,9.63,88.47,高风险,0.0,低风险,9.63,低风险
2025-06-27,气象数据-天,89.52,0.0,0.0,89.52,高风险,0.0,低风险,0.0,低风险
2025-06-28,气象数据-天,90.03,0.0,2.44,90.03,高风险,0.0,低风险,2.44,低风险
2025-06-29,气象数据-天,87.5,0.0,0.0,87.5,高风险,0.0,低风险,0.0,低风险
2025-06-30,气象数据-天,93.06,0.0,2.99,93.06,高风险,0.0,低风险,2.99,低风险
2025-07-01,气象数据-天,91.14,0.0,5.29,91.14,高风险,0.0,低风险,5.29,低风险
2025-07-02,气象数据-天,93.61,0.0,3.03,93.61,高风险,0.0,低风险,3.03,低风险
2025-07-03,气象数据-天,93.79,0.02,6.8,93.79,高风险,0.02,低风险,6.8,低风险
2025-07-04,气象数据-天,95.3,0.01,7.08,95.3,高风险,0.01,低风险,7.08,低风险
2025-07-05,气象数据-天,92.72,0.01,5.61,92.72,高风险,0.01,低风险,5.61,低风险
2025-07-06,气象数据-天,91.72,0.05,0.0,91.72,高风险,0.05,低风险,0.0,低风险
2025-07-07,气象数据-天,85.55,0.02,0.0,85.55,高风险,0.02,低风险,0.0,低风险
2025-07-08,气象数据-天,89.02,0.0,0.0,89.02,高风险,0.0,低风险,0.0,低风险
2025-07-09,气象数据-天,85.02,0.0,2.56,85.02,高风险,0.0,低风险,2.56,低风险
2025-07-10,气象数据-天,50.04,0.0,3.79,50.04,中高风险,0.0,低风险,3.79,低风险
2025-07-11,气象数据-天,85.1,0.01,1.24,85.1,高风险,0.01,低风险,1.24,低风险
2025-07-12,气象数据-天,85.42,0.0,4.18,85.42,高风险,0.0,低风险,4.18,低风险
2025-07-13,气象数据-天,85.17,0.0,0.0,85.17,高风险,0.0,低风险,0.0,低风险
2025-07-14,气象数据-天,90.1,0.0,0.49,90.1,高风险,0.0,低风险,0.49,低风险
2025-07-15,气象数据-天,87.51,0.01,2.47,87.51,高风险,0.01,低风险,2.47,低风险
2025-07-16,气象数据-天,85.61,0.06,0.2,85.61,高风险,0.06,低风险,0.2,低风险
2025-07-17,气象数据-天,87.82,1.33,1.6,87.82,高风险,1.33,低风险,1.6,低风险
2025-07-18,气象数据-天,86.64,0.0,0.99,86.64,高风险,0.0,低风险,0.99,低风险
2025-07-19,气象数据-天,81.99,0.0,2.16,81.99,高风险,0.0,低风险,2.16,低风险
2025-07-20,气象数据-天,79.68,0.0,0.0,79.68,高风险,0.0,低风险,0.0,低风险
2025-07-21,气象数据-天,81.63,0.0,1.84,81.63,高风险,0.0,低风险,1.84,低风险
2025-07-22,气象数据-天,82.03,0.0,6.56,82.03,高风险,0.0,低风险,6.56,低风险
2025-07-23,气象数据-天,83.81,0.1,0.78,83.81,高风险,0.1,低风险,0.78,低风险
2025-07-24,气象数据-天,83.49,0.01,0.34,83.49,高风险,0.01,低风险,0.34,低风险
2025-07-25,气象数据-天,83.12,0.0,0.0,83.12,高风险,0.0,低风险,0.0,低风险
2025-07-26,气象数据-天,83.43,0.0,0.02,83.43,高风险,0.0,低风险,0.02,低风险
2025-07-27,气象数据-天,83.33,0.0,0.0,83.33,高风险,0.0,低风险,0.0,低风险
2025-07-28,气象数据-天,84.65,0.0,9.34,84.65,高风险,0.0,低风险,9.34,低风险
2025-07-29,气象数据-天,83.99,0.0,0.0,83.99,高风险,0.0,低风险,0.0,低风险
2025-07-30,气象数据-天,83.83,0.01,0.0,83.83,高风险,0.01,低风险,0.0,低风险
2025-07-31,气象数据-天,89.4,0.0,0.0,89.4,高风险,0.0,低风险,0.0,低风险
2025-08-01,气象数据-天,91.6,0.01,0.0,91.6,高风险,0.01,低风险,0.0,低风险
2025-08-02,气象数据-天,96.84,0.0,3.38,96.84,高风险,0.0,低风险,3.38,低风险
2025-08-03,气象数据-天,98.44,0.0,3.06,98.44,高风险,0.0,低风险,3.06,低风险
2025-08-04,气象数据-天,98.2,0.0,0.0,98.2,高风险,0.0,低风险,0.0,低风险
2025-08-05,气象数据-天,97.72,0.0,0.38,97.72,高风险,0.0,低风险,0.38,低风险
2025-08-06,气象数据-天,97.59,0.0,0.0,97.59,高风险,0.0,低风险,0.0,低风险
2025-08-07,气象数据-天,97.25,0.0,0.09,97.25,高风险,0.0,低风险,0.09,低风险
2025-08-08,气象数据-天,98.27,0.0,0.0,98.27,高风险,0.0,低风险,0.0,低风险
2025-08-09,气象数据-天,97.59,0.0,0.46,97.59,高风险,0.0,低风险,0.46,低风险
2025-08-10,气象数据-天,97.41,0.01,0.45,97.41,高风险,0.01,低风险,0.45,低风险
2025-08-11,气象数据-天,98.54,0.0,0.0,98.54,高风险,0.0,低风险,0.0,低风险
2025-08-12,气象数据-天,97.37,0.0,0.3,97.37,高风险,0.0,低风险,0.3,低风险
2025-08-13,气象数据-天,96.51,0.0,0.0,96.51,高风险,0.0,低风险,0.0,低风险
2025-08-14,气象数据-天,96.63,0.0,0.19,96.63,高风险,0.0,低风险,0.19,低风险
2025-08-15,气象数据-天,95.72,0.02,0.36,95.72,高风险,0.02,低风险,0.36,低风险
2025-08-16,气象数据-天,97.15,0.0,0.0,97.15,高风险,0.0,低风险,0.0,低风险
2025-08-17,气象数据-天,96.11,0.0,0.0,96.11,高风险,0.0,低风险,0.0,低风险
2025-08-18,气象数据-天,96.98,0.0,0.0,96.98,高风险,0.0,低风险,0.0,低风险
2025-08-19,气象数据-天,96.8,0.0,0.0,96.8,高风险,0.0,低风险,0.0,低风险
2025-08-20,气象数据-天,96.12,0.0,0.0,96.12,高风险,0.0,低风险,0.0,低风险
2025-08-21,气象数据-天,93.27,0.0,0.0,93.27,高风险,0.0,低风险,0.0,低风险
2025-08-22,气象数据-天,95.81,0.0,1.7,95.81,高风险,0.0,低风险,1.7,低风险
2025-08-23,气象数据-天,98.69,0.01,0.0,98.69,高风险,0.01,低风险,0.0,低风险
2025-08-24,气象数据-天,96.72,0.0,0.0,96.72,高风险,0.0,低风险,0.0,低风险
2025-08-25,气象数据-天,98.53,0.0,0.0,98.53,高风险,0.0,低风险,0.0,低风险
2025-08-26,气象数据-天,97.53,0.0,0.0,97.53,高风险,0.0,低风险,0.0,低风险
2025-08-27,气象数据-天,98.01,0.0,0.0,98.01,高风险,0.0,低风险,0.0,低风险
2025-08-28,气象数据-天,100.0,0.01,9.57,100.0,高风险,0.01,低风险,9.57,低风险
2025-08-29,气象数据-天,98.83,0.0,0.59,98.83,高风险,0.0,低风险,0.59,低风险
2025-08-30,气象数据-天,99.7,2.05,0.1,99.7,高风险,2.05,低风险,0.1,低风险
2025-08-31,气象数据-天,100.0,4.51,1.25,100.0,高风险,4.51,低风险,1.25,低风险
2025-09-01,气象数据-天,98.07,0.0,0.0,98.07,高风险,0.0,低风险,0.0,低风险
2025-09-02,气象数据-天,97.33,0.0,0.0,97.33,高风险,0.0,低风险,0.0,低风险
2025-09-03,气象数据-天,97.74,0.02,0.0,97.74,高风险,0.02,低风险,0.0,低风险
2025-09-04,气象数据-天,97.82,0.01,0.0,97.82,高风险,0.01,低风险,0.0,低风险
2025-09-05,气象数据-天,98.05,0.0,0.16,98.05,高风险,0.0,低风险,0.16,低风险
2025-09-06,气象数据-天,97.35,0.0,0.0,97.35,高风险,0.0,低风险,0.0,低风险
2025-09-07,气象数据-天,98.12,0.0,2.05,98.12,高风险,0.0,低风险,2.05,低风险
2025-09-08,气象数据-天,97.87,0.0,0.0,97.87,高风险,0.0,低风险,0.0,低风险
2025-09-09,气象数据-天,97.69,0.0,0.0,97.69,高风险,0.0,低风险,0.0,低风险
2025-09-10,气象数据-天,98.01,0.01,0.06,98.01,高风险,0.01,低风险,0.06,低风险
2025-09-11,气象数据-天,98.5,0.0,0.0,98.5,高风险,0.0,低风险,0.0,低风险
2025-09-12,气象数据-天,98.15,0.0,0.0,98.15,高风险,0.0,低风险,0.0,低风险
2025-09-13,气象数据-天,98.37,0.04,1.13,98.37,高风险,0.04,低风险,1.13,低风险
2025-09-14,气象数据-天,97.88,0.0,0.0,97.88,高风险,0.0,低风险,0.0,低风险
2025-09-15,气象数据-天,97.94,0.01,0.0,97.94,高风险,0.01,低风险,0.0,低风险
2025-09-16,气象数据-天,98.32,0.01,0.0,98.32,高风险,0.01,低风险,0.0,低风险
2025-09-17,气象数据-天,97.96,0.04,0.61,97.96,高风险,0.04,低风险,0.61,低风险
